-- MySQL dump 10.13  Distrib 5.7.20, for Linux (x86_64)
--
-- Host: mysql    Database: onm-instances
-- ------------------------------------------------------
-- Server version	5.7.20-log

/*!40101 SET @OLD_CHARACTER_SET_CLIENT=@@CHARACTER_SET_CLIENT */;
/*!40101 SET @OLD_CHARACTER_SET_RESULTS=@@CHARACTER_SET_RESULTS */;
/*!40101 SET @OLD_COLLATION_CONNECTION=@@COLLATION_CONNECTION */;
/*!40101 SET NAMES utf8 */;
/*!40103 SET @OLD_TIME_ZONE=@@TIME_ZONE */;
/*!40103 SET TIME_ZONE='+00:00' */;
/*!40014 SET @OLD_UNIQUE_CHECKS=@@UNIQUE_CHECKS, UNIQUE_CHECKS=0 */;
/*!40014 SET @OLD_FOREIGN_KEY_CHECKS=@@FOREIGN_KEY_CHECKS, FOREIGN_KEY_CHECKS=0 */;
/*!40101 SET @OLD_SQL_MODE=@@SQL_MODE, SQL_MODE='NO_AUTO_VALUE_ON_ZERO' */;
/*!40111 SET @OLD_SQL_NOTES=@@SQL_NOTES, SQL_NOTES=0 */;

--
-- Table structure for table `client`
--

DROP TABLE IF EXISTS `client`;
/*!40101 SET @saved_cs_client     = @@character_set_client */;
/*!40101 SET character_set_client = utf8 */;
CREATE TABLE `client` (
  `id` bigint(20) NOT NULL,
  `first_name` varchar(100) COLLATE utf8_unicode_ci NOT NULL,
  `last_name` varchar(100) COLLATE utf8_unicode_ci NOT NULL,
  `email` varchar(255) COLLATE utf8_unicode_ci NOT NULL,
  `company` varchar(100) COLLATE utf8_unicode_ci DEFAULT NULL,
  `phone` varchar(50) COLLATE utf8_unicode_ci DEFAULT NULL,
  `vat_number` varchar(20) COLLATE utf8_unicode_ci DEFAULT NULL,
  `address` varchar(255) COLLATE utf8_unicode_ci NOT NULL,
  `postal_code` varchar(20) COLLATE utf8_unicode_ci NOT NULL,
  `city` varchar(100) COLLATE utf8_unicode_ci NOT NULL,
  `state` varchar(100) COLLATE utf8_unicode_ci NOT NULL,
  `country` varchar(2) COLLATE utf8_unicode_ci NOT NULL,
  `owner_id` int(10) unsigned DEFAULT NULL,
  PRIMARY KEY (`id`),
  UNIQUE KEY `email` (`email`)
) ENGINE=InnoDB DEFAULT CHARSET=utf8 COLLATE=utf8_unicode_ci;
/*!40101 SET character_set_client = @saved_cs_client */;

--
-- Dumping data for table `client`
--

LOCK TABLES `client` WRITE;
/*!40000 ALTER TABLE `client` DISABLE KEYS */;
/*!40000 ALTER TABLE `client` ENABLE KEYS */;
UNLOCK TABLES;

--
-- Table structure for table `extension`
--

DROP TABLE IF EXISTS `extension`;
/*!40101 SET @saved_cs_client     = @@character_set_client */;
/*!40101 SET character_set_client = utf8 */;
CREATE TABLE `extension` (
  `id` bigint(20) NOT NULL AUTO_INCREMENT,
  `uuid` varchar(100) COLLATE utf8_unicode_ci NOT NULL,
  `name` text COLLATE utf8_unicode_ci,
  `type` varchar(40) COLLATE utf8_unicode_ci NOT NULL,
  `author` varchar(140) COLLATE utf8_unicode_ci DEFAULT NULL,
  `description` text COLLATE utf8_unicode_ci,
  `about` text COLLATE utf8_unicode_ci,
  `images` text COLLATE utf8_unicode_ci,
  `created` datetime DEFAULT NULL,
  `updated` datetime DEFAULT NULL,
  `enabled` tinyint(1) NOT NULL DEFAULT '0',
  `url` varchar(140) COLLATE utf8_unicode_ci DEFAULT NULL,
  PRIMARY KEY (`id`),
  KEY `type` (`type`)
) ENGINE=InnoDB AUTO_INCREMENT=72 DEFAULT CHARSET=utf8 COLLATE=utf8_unicode_ci;
/*!40101 SET character_set_client = @saved_cs_client */;

--
-- Dumping data for table `extension`
--

LOCK TABLES `extension` WRITE;
/*!40000 ALTER TABLE `extension` DISABLE KEYS */;
INSERT INTO `extension` VALUES (1,'ADS_MANAGER','a:3:{s:2:\"en\";s:14:\"Advertisements\";s:2:\"es\";s:10:\"Publicidad\";s:2:\"gl\";s:11:\"Publicidade\";}','module','Openhost, S.L.','a:3:{s:2:\"en\";s:66:\"<p>Gain money with your Opennemas newspaper: manage your ads!</p>\n\";s:2:\"es\";s:54:\"<p>Gana dinero con tu peri&oacute;dico Opennemas.</p>\n\";s:2:\"gl\";s:69:\"<p>Ga&ntilde;a di&ntilde;eiro co teu peri&oacute;dico Opennemas.</p>\n\";}','a:3:{s:2:\"en\";s:221:\"<p>Thanks to this module all Opennemas journals will be able to create, add and manage ads on any pages: Frontpage Home/Sections, Inner Articles, Opinions, Gallery, Media.</p>\n\n<p>There are more than 15 types of ads.</p>\n\";s:2:\"es\";s:334:\"<p>Gracias a este m&oacute;dulo todos los diarios Opennemas podr&aacute;n crear, a&ntilde;adir y gestionar anuncios en cualquier p&aacute;gina: Portada Home/portadillas, art&iacute;culo interior, Portada de Opini&oacute;n, Opini&oacute;n Interior, galer&iacute;as, v&iacute;deos.</p>\n\n<p>Hay m&aacute;s de 15 tipos de publicidad.</p>\n\";s:2:\"gl\";s:337:\"<p>Grazas a este m&oacute;dulo todos os xornais opennemas poder&aacute;n crear, engadir e xestionar publicidade en calquera p&aacute;xina: Portada Home/portadillas, artigo interior, Portada de Opini&oacute;n, Opini&oacute;n interior, galer&iacute;as, v&iacute;deos.</p>\n\n<p>&nbsp;</p>\n\n<p>Hai m&aacute;is de 15 tipos de publicidade.</p>\n\";}','a:1:{i:0;s:27:\"/media/core/modules/1_1.jpg\";}','2016-01-14 17:39:48','2016-02-25 11:23:25',1,NULL),(2,'ADVANCED_ARTICLE_MANAGER','a:3:{s:2:\"en\";s:24:\"Advanced article options\";s:2:\"es\";s:31:\"Opciones avanzadas de artículo\";s:2:\"gl\";s:28:\"Opcións avanzadas de artigo\";}','module','Openhost, S.L.','a:3:{s:2:\"en\";s:53:\"<p>Module to allow the second article signature.</p>\n\";s:2:\"es\";s:74:\"<p>M&oacute;dulo que permite una firma de art&iacute;culo secundaria.</p>\n\";s:2:\"gl\";s:78:\"<p>M&oacute;dulo que lle permite engadir unha segunda sinatura en artigos</p>\n\";}','a:3:{s:2:\"en\";s:0:\"\";s:2:\"es\";s:0:\"\";s:2:\"gl\";s:0:\"\";}','a:1:{i:0;s:27:\"/media/core/modules/2_1.jpg\";}','2016-01-14 18:41:11','2017-07-24 09:30:25',1,NULL),(3,'ADVANCED_FRONTPAGE_MANAGER','a:3:{s:2:\"en\";s:23:\"Frontpage Customization\";s:2:\"es\";s:21:\"Personalizar portadas\";s:2:\"gl\";s:21:\"Personalizar portadas\";}','module','Openhost, S.L.','a:3:{s:2:\"en\";s:72:\"<p>Change the look and feel of your frontpages every time you want.</p>\n\";s:2:\"es\";s:66:\"<p>Cambia estilo y apariencia de tus portadas cuando quieras.</p>\n\";s:2:\"gl\";s:76:\"<p>Cambia o estilo e apariencia das t&uacute;as portadas cando queiras.</p>\n\";}','a:3:{s:2:\"en\";s:620:\"<p>Changing frontpage is more and more frequent in order to disrupt with daily monotony.</p>\n\n<p>By activating this module you will be allowed to:</p>\n\n<ul>\n	<li>Change background color of the news, so that a column can gain a different style from others.</li>\n	<li>Change font size, so that you can give more weight to a title in the page.</li>\n	<li>Change colour of titles fonts, so that you can combine it with the different background.</li>\n	<li>Change of style: font, bold, italic, etc.</li>\n	<li>Change the disposition of the image with respect to the text (right, left, above/below of the title, etc.)</li>\n</ul>\n\";s:2:\"es\";s:706:\"<p>El cambio de estilos dentro de portada principal es cada vez m&aacute;s frecuente para romper la monoton&iacute;a del peri&oacute;dico.</p>\n\n<p>Las posibilidades de este m&oacute;dulo son:</p>\n\n<ul>\n	<li>Cambio de color el fondo de la noticia, haciendo posible que toda una columna tenga un estilo diferente.</li>\n	<li>Tama&ntilde;o de la fuente. De esta forma se puede dar m&aacute;s fuerza a un titular.</li>\n	<li>Color de los titulares para combinar con el fondo de color de la noticia</li>\n	<li>Estilos del titular: fuente de letra, negrita, cursiva, etc.</li>\n	<li>Alineaci&oacute;n de las fotos de portada con respecto al texto (derecha, izquierda, por encima/debajo del titular, etc.)</li>\n</ul>\n\";s:2:\"gl\";s:691:\"<p>O cambio de estilos dentro da portada principal &eacute; cada vez m&aacute;is frecuente para romper a monoton&iacute;a do xornal</p>\n\n<p>As posibilidades deste m&oacute;dulo son:</p>\n\n<ul>\n	<li>Cambio de cor de fondo da noticia, facendo posible que toda unha columna te&ntilde;a un estilo diferente.</li>\n	<li>Tama&ntilde;o da fonte. De esta forma se puede dar m&aacute;s fuerza a un titular.</li>\n	<li>Cor dos titulares para combinar co fondo de cor da noticia</li>\n	<li>Estilos do titular: fonte de letra, negri&ntilde;a, cursiva, etc.</li>\n	<li>Alineaci&oacute;n das fotos de portada con respecto ao texto (dereita, esquerda, por encima/debaixo do</li>\n	<li>titular, etc.).</li>\n</ul>\n\";}','a:1:{i:0;s:27:\"/media/core/modules/3_1.jpg\";}','2016-01-14 17:42:15','2016-01-18 11:32:37',1,'http://www.openhost.es'),(4,'ADVANCED_SEARCH','a:3:{s:2:\"en\";s:15:\"Advanced search\";s:2:\"es\";s:18:\"Búsqueda avanzada\";s:2:\"gl\";s:14:\"Busca avanzada\";}','module','Openhost, S.L.','a:3:{s:2:\"en\";s:64:\"<p>Allows searching for content directly inside the manager</p>\n\";s:2:\"es\";s:65:\"<p>Te permite buscar contenidos directamente desde el gestor</p>\n\";s:2:\"gl\";s:71:\"<p>Perm&iacute;telle buscar contidos directamente dentro do xestor</p>\n\";}','a:3:{s:2:\"en\";s:0:\"\";s:2:\"es\";s:0:\"\";s:2:\"gl\";s:0:\"\";}','a:1:{i:0;s:27:\"/media/core/modules/4_1.jpg\";}','2016-01-14 17:46:11','2016-01-18 12:39:46',1,'http://www.openhost.es'),(5,'ALBUM_MANAGER','a:3:{s:2:\"en\";s:6:\"Albums\";s:2:\"es\";s:8:\"Álbumes\";s:2:\"gl\";s:8:\"Álbumes\";}','module','Openhost, S.L.','a:3:{s:2:\"en\";s:70:\"<p>Allow you to create photo galleries and use them in your site.</p>\n\";s:2:\"es\";s:72:\"<p>Te permite creare fotogaler&iacute;as y usarlas en tu sitio web.</p>\n\";s:2:\"gl\";s:79:\"<p>Perm&iacute;telle crear galer&iacute;as de fotos e usalas no seu sitio.</p>\n\";}','a:3:{s:2:\"en\";s:0:\"\";s:2:\"es\";s:0:\"\";s:2:\"gl\";s:0:\"\";}',NULL,'2016-01-14 17:48:13','2017-12-05 16:57:10',0,'http://www.openhost.es'),(6,'ARTICLE_MANAGER','a:3:{s:2:\"en\";s:8:\"Articles\";s:2:\"es\";s:10:\"Artículos\";s:2:\"gl\";s:7:\"Artigos\";}','module','Openhost, S.L.','a:3:{s:2:\"en\";s:61:\"<p>Create your article and publish it with SEO included.</p>\n\";s:2:\"es\";s:78:\"<p>Crea tus art&iacute;culos y publ&iacute;calos con SEO inclu&iacute;do.</p>\n\";s:2:\"gl\";s:58:\"<p>Cree artigos e publ&iacute;queos con SEO incluido.</p>\n\";}','a:3:{s:2:\"en\";s:122:\"<p>Publish articles including Title, Subtitle, Summary, Comment, Image, whenever you want and from wherever you want.</p>\n\";s:2:\"es\";s:171:\"<p>Publica art&iacute;culos que incluyen t&iacute;tulo, subt&iacute;tulo, resumen, comentarios, im&aacute;genes o cualquier cosa que quieras de forma gratu&iacute;ta.</p>\n\";s:2:\"gl\";s:140:\"<p>Publique artigos inclu&iacute;ndo t&iacute;tulo, subt&iacute;tulo, resumo, comentarios, imaxes e calquera cousa que queira de balde.</p>\n\";}','a:1:{i:0;s:27:\"/media/core/modules/6_1.jpg\";}','2016-01-14 17:49:02','2016-01-18 12:39:58',1,'http://www.openhost.es'),(7,'BLOG_MANAGER','a:3:{s:2:\"en\";s:12:\"Authors Blog\";s:2:\"es\";s:16:\"Blogs de Autores\";s:2:\"gl\";s:16:\"Blogs de Autores\";}','module','Openhost, S.L.','a:3:{s:2:\"en\";s:110:\"<p>Would you like to give to your Opinion authors a Blog Space, this is the feature you were looking for.</p>\n\";s:2:\"es\";s:151:\"<p>Tienes autores de opini&oacute;n a los que te gustar&iacute;a dedicarle un espacio formato blog, este es el m&oacute;dulo que estabas buscando.</p>\n\";s:2:\"gl\";s:152:\"<p>Tes autores de opini&oacute;n aos que che gustar&iacute;a dedicarlle un espazo formato blog, este &eacute; o m&oacute;dulo que estabas buscando.</p>\n\";}','a:3:{s:2:\"en\";s:210:\"<p>Authors will have a dedicated space where all their contributions will appear in chronological order and readers alse set a RSS notification to receive the latest articles posted by a particular Author.</p>\n\";s:2:\"es\";s:271:\"<p>Los autores tendr&aacute;n un espacio destacado donde aparecer&aacute;n sus art&iacute;culos en orden de salida y los lectores podr&aacute;n tambi&eacute;n ponerse una notificaci&oacute;n RSS para recibir los &uacute;ltimos art&iacute;culos escritos por el autor.</p>\n\";s:2:\"gl\";s:258:\"<p>Os autores ter&aacute;n un espazo destacado onde aparecer&aacute;n os seus artigos en orde de sa&iacute;da e os lectores poder&aacute;n tam&eacute;n po&ntilde;er unha notificaci&oacute;n RSS para recibir os &uacute;ltimos artigos escritos polo autor.</p>\n\";}','a:1:{i:0;s:27:\"/media/core/modules/7_1.jpg\";}','2016-01-14 17:50:23','2016-01-18 12:40:12',1,'http://www.openhost.es'),(8,'BOOK_MANAGER','a:3:{s:2:\"en\";s:5:\"Books\";s:2:\"es\";s:6:\"Libros\";s:2:\"gl\";s:6:\"Libros\";}','module','Openhost, S.L.','a:3:{s:2:\"en\";s:39:\"<p>Module for managing book pages.</p>\n\";s:2:\"es\";s:61:\"<p>M&oacute;dulo para gestionar p&aacute;ginas de libro.</p>\n\";s:2:\"gl\";s:62:\"<p>M&oacute;dulo para xestionar p&aacute;xinas de libros.</p>\n\";}','a:3:{s:2:\"en\";s:50:\"<p>Manage books&#39; pages with this feature.</p>\n\";s:2:\"es\";s:0:\"\";s:2:\"gl\";s:0:\"\";}','a:1:{i:0;s:27:\"/media/core/modules/8_1.jpg\";}','2016-01-14 17:52:18','2016-03-18 11:42:21',1,'http://www.openhost.es'),(9,'CACHE_MANAGER','a:3:{s:2:\"en\";s:13:\"Cache manager\";s:2:\"es\";s:16:\"Gestor de caché\";s:2:\"gl\";s:16:\"Xestor de caché\";}','module','Openhost, S.L.','a:3:{s:2:\"en\";s:46:\"<p>Module for managing the cache of pages</p>\n\";s:2:\"es\";s:74:\"<p>M&oacute;dulo para gestionar la cach&eacute; de las p&aacute;ginas</p>\n\";s:2:\"gl\";s:73:\"<p>M&oacute;dulo para xestionar as cach&eacute;s das p&aacute;xinas.</p>\n\";}','a:3:{s:2:\"en\";s:0:\"\";s:2:\"es\";s:0:\"\";s:2:\"gl\";s:0:\"\";}',NULL,'2016-01-14 17:53:19','2016-01-18 11:03:55',0,'http://www.openhost.es'),(10,'CATEGORY_MANAGER','a:3:{s:2:\"en\";s:8:\"Category\";s:2:\"es\";s:10:\"Categoría\";s:2:\"gl\";s:10:\"Categoría\";}','module','Openhost, S.L.','a:3:{s:2:\"en\";s:58:\"<p>Create, update and delete categories for contents.</p>\n\";s:2:\"es\";s:55:\"<p>Gestiona categor&iacute;as para los contenidos.</p>\n\";s:2:\"gl\";s:52:\"<p>Xestiona categor&iacute;as para os contidos.</p>\n\";}','a:3:{s:2:\"en\";s:122:\"<p>Module included in the Basic pack (FREE) of opennemas, it allows users to create and manage categories of content.</p>\n\";s:2:\"es\";s:83:\"<p>Le permite a tus usuarios crear y gestionar categor&iacute;as de contenido.</p>\n\";s:2:\"gl\";s:73:\"<p>Perm&iacute;telle crear e xestionar categor&iacute;as de contido.</p>\n\";}','a:1:{i:0;s:28:\"/media/core/modules/10_1.jpg\";}','2016-01-14 17:54:30','2016-01-18 11:34:13',1,'http://www.openhost.es'),(11,'COMMENT_MANAGER','a:3:{s:2:\"en\";s:8:\"Comments\";s:2:\"es\";s:11:\"Comentarios\";s:2:\"gl\";s:11:\"Comentarios\";}','module','Openhost, S.L.','a:3:{s:2:\"en\";s:126:\"<p>Allow your readers to comment articles whether through Opennemas comment system or connecting with Facebook or Disqus.</p>\n\";s:2:\"es\";s:136:\"<p>Permite a tus lectores dejar comentarios usando nuestro sistema de comentarios o conect&aacute;ndo tu sitio a Facebook o Disqus.</p>\n\";s:2:\"gl\";s:150:\"<p>Perm&iacute;telle aos seus lectores deixar comentarios usando o &nbsp;noso sistema de comentarios ou conect&aacute;ndose a Facebook ou Disqus.</p>\n\";}','a:3:{s:2:\"en\";s:115:\"<p>Module included in the FREE version, it allows users to add comments to any content generated by newspaper.</p>\n\";s:2:\"es\";s:111:\"<p>Permite a los usuarios a&ntilde;adir comentarios a cualquier contenido generado en el peri&oacute;dico.</p>\n\";s:2:\"gl\";s:85:\"<p>Permite aos usuarios engadir comentarios a calquera contido xerado no xornal.</p>\n\";}','a:1:{i:0;s:28:\"/media/core/modules/11_1.jpg\";}','2016-01-14 17:55:13','2016-01-18 11:34:27',1,'http://www.openhost.es'),(12,'CONTENT_SUBSCRIPTIONS','a:3:{s:2:\"en\";s:12:\"Subscription\";s:2:\"es\";s:12:\"Suscripción\";s:2:\"gl\";s:13:\"Subscricións\";}','module','Openhost, S.L.','a:3:{s:2:\"en\";s:147:\"<p>Would you like for your readers to be able to unlock premium content for free?</p>\n\n<p>This is the module you should add to your newspaper!</p>\n\";s:2:\"es\";s:232:\"<p>&iquest;Te gustar&iacute;a que tus lectores pudiesen leer contenido Premium de forma gratuita, mediante una simple suscripci&oacute;n?</p>\n\n<p>Este es el m&oacute;dulo que deber&iacute;as a&ntilde;adir a tu peri&oacute;dico.</p>\n\";s:2:\"gl\";s:224:\"<p>&iquest;Gustar&iacute;ache que os teus lectores poidesen ler contido Premium de forma gratuita, mediante unha simple subscrici&oacute;n?</p>\n\n<p>Este &eacute; o m&oacute;dulo que deber&iacute;as engadir ao teu xornal</p>\n\";}','a:3:{s:2:\"en\";s:609:\"<p>This module enables newspapers to add a customized subscription form to allow users to unlock premium content.</p>\n\n<p>The subscription form generates login details for the user.</p>\n\n<p>Newspapers will be able to mark content as &quot;premium&quot; and users will need to register in order to access the full extent of it.</p>\n\n<p>Note: if the newspaper needs to collect user\\&#39;s data will have to provide certification of inscription to &quot;Agencia Espa&ntilde;ola de Protecci&oacute;n de Datos&quot; or equivalent. Openhost, S.L. is not responsible of any data saved or required by newspapers.</p>\n\";s:2:\"es\";s:726:\"<p>Este m&oacute;dulo permite marcar qu&eacute; contenidos de un peri&oacute;dico son Premium y, as&iacute; de esta forma, hacer que sus lectores tengan que realizar una suscripci&oacute;n mediante un formulario v&iacute;a web. Una vez suscrito, el usuario tendr&aacute; acceso a leer cualquier contenido marcado como Premium.</p>\n\n<p>NOTA: Si un peri&oacute;dico necesita almacenar datos de sus lectores necesitar&aacute; entregar la certificaci&oacute;n de que est&aacute; dado de alta en la &quot;Agencia Espa&ntilde;ola de Protecci&oacute;n de Datos&quot; o alg&uacute;n otro organismo equivalente de cada pa&iacute;s. Openhost, S.L. no es responsable de cualquier dato guardado o requerido por los peri&oacute;dicos.</p>\n\";s:2:\"gl\";s:680:\"<p>Este m&oacute;dulo permite marcar que contidos dun xornal son Premium e, desta forma, facer que os seus lectores te&ntilde;an que realizar unha subscrici&oacute;n mediante un formulario v&iacute;a web. Unha vez subscrito, o usuario ter&aacute; acceso a ler calquera contido marcado como Premium.</p>\n\n<p>NOTA: Se un xornal precisa almacenar datos dos seus lectores precisar&aacute; entregar a certificaci&oacute;n de que est&aacute; dado de alta na &quot;Axencia Espa&ntilde;ola de Protecci&oacute;n de Datos&quot; ou alg&uacute;n outro organismo equivalente en cada pa&iacute;s. Openhost, S.L. non &eacute; responsable de calquera dato gardado ou requirido polos xornais.</p>\n\";}','a:1:{i:0;s:28:\"/media/core/modules/12_1.jpg\";}','2016-01-14 17:56:30','2016-01-18 12:40:36',1,'http://www.openhost.es'),(13,'CRONICAS_MODULES','a:3:{s:2:\"en\";s:23:\"Cronicas customizations\";s:2:\"es\";s:32:\"Personalizaciones para Crónicas\";s:2:\"gl\";s:32:\"Personalizacións para Crónicas\";}','module','Openhost, S.L.','a:3:{s:2:\"en\";s:52:\"<p>Module for managing Cronicas customizations.</p>\n\";s:2:\"es\";s:74:\"<p>M&oacute;dulo para gestionar personalizaciones de Cr&oacute;nicas.</p>\n\";s:2:\"gl\";s:80:\"<p>M&oacute;dulo para xestionar personalizaci&oacute;ns de Cr&oacute;nicas.</p>\n\";}','a:3:{s:2:\"en\";s:0:\"\";s:2:\"es\";s:0:\"\";s:2:\"gl\";s:0:\"\";}','a:1:{i:0;s:28:\"/media/core/modules/13_1.jpg\";}','2016-01-14 17:57:14','2016-01-18 12:40:49',0,'http://www.openhost.es'),(14,'FILE_MANAGER','a:3:{s:2:\"en\";s:5:\"Files\";s:2:\"es\";s:8:\"Ficheros\";s:2:\"gl\";s:9:\"Ficheiros\";}','module','Openhost, S.L.','a:3:{s:2:\"en\";s:59:\"<p>Upload your files and share them on your newspaper.</p>\n\";s:2:\"es\";s:70:\"<p>Sube tus archivos y comp&aacute;rtelos en tu peri&oacute;dico.</p>\n\";s:2:\"gl\";s:70:\"<p>Subir os teus ficheiros e compartilos no teu peri&oacute;dico.</p>\n\";}','a:3:{s:2:\"en\";s:161:\"<p>Module included in the Basic pack (FREE) of Opennemas, it allows users to upload files to the system and share them with a url in the newspaper articles.</p>\n\";s:2:\"es\";s:127:\"<p>Permite a los usuarios subir archivos al sistema y compartirlos con una url en art&iacute;culos de tu peri&oacute;dico.</p>\n\";s:2:\"gl\";s:126:\"<p>Perm&iacute;telle aos susuarios subir ficheiros ao sistema e compartilos con unha url nos artigos do peri&oacute;dico.</p>\n\";}','a:1:{i:0;s:28:\"/media/core/modules/14_1.jpg\";}','2016-01-14 17:57:51','2016-01-18 11:35:09',1,'http://www.openhost.es'),(15,'FORM_MANAGER','a:3:{s:2:\"en\";s:7:\"Contact\";s:2:\"es\";s:8:\"Comunica\";s:2:\"gl\";s:8:\"Comunica\";}','module','Openhost, S.L.','a:3:{s:2:\"en\";s:70:\"<p>Let your readers send you content with or without attachments.</p>\n\";s:2:\"es\";s:85:\"<p>Deja que tus lectores te env&iacute;en contenido con o sin archivos adjuntos.</p>\n\";s:2:\"gl\";s:86:\"<p>Deixa que os teus lectores env&iacute;en contido con ou sen arquivos adxuntos.</p>\n\";}','a:3:{s:2:\"en\";s:159:\"<p>Our feature Opennemas Contact will allow readers to submit their opinions with or without attachment, so that they can communicate with the newspapers.</p>\n\";s:2:\"es\";s:370:\"<p>Nuestro m&oacute;dulo Opennemas Comunica da la posibilidad a los lectores de enviar sus opiniones, noticias con o sin im&aacute;genes, v&iacute;deos o archivos adjuntos, para que se comuniquen directamente con el peri&oacute;dico.</p>\n\n<p>Los peri&oacute;dicos pueden crear formularios personalizados y recibir&aacute;n el contenido a trav&eacute;s de un e-mail.</p>\n\";s:2:\"gl\";s:353:\"<p>O noso m&oacute;dulo Opennemas Comunica da a posibilidade aos lectores de enviar as s&uacute;as opini&oacute;ns, noticias con ou sen imaxes, v&iacute;deos e arquivos adxuntos, para que se comuniquen directamente co xornal</p>\n\n<p>Os peri&oacute;dicos poden crear formularios personalizados e recibir&aacute;n o contido a trav&eacute;s dun e-mail</p>\n\";}','a:1:{i:0;s:28:\"/media/core/modules/15_1.jpg\";}','2016-01-14 17:58:42','2016-01-18 12:41:09',1,'http://www.openhost.es'),(16,'FRONTPAGES_LAYOUT','a:3:{s:2:\"en\";s:17:\"Frontpages Layout\";s:2:\"es\";s:24:\"Disposición de portadas\";s:2:\"gl\";s:24:\"Disposición de portadas\";}','module','Openhost, S.L.','a:3:{s:2:\"en\";s:77:\"<p>Create and Manage Frontpage Layouts made by you, every time you want!</p>\n\";s:2:\"es\";s:86:\"<p>Crea y gestiona el dise&ntilde;o de las portadas como quieras, cuando quieras.</p>\n\";s:2:\"gl\";s:81:\"<p>Crea e xestiona o dese&ntilde;o das portadas como queiras, cando queiras.</p>\n\";}','a:3:{s:2:\"en\";s:266:\"<p>Manual Frontpages Disposition Management/Frontpages Organization.</p>\n\n<p>You can change the appearance of Opennemas newspaper in a matter of seconds with this module. In this way you can select a different frontpage model on each of the sections frontpages.</p>\n\";s:2:\"es\";s:265:\"<p>Gesti&oacute;n MANUAL de maquetero/Disposiciones de portadas</p>\n\n<p>Poder cambiar la apariencia del peri&oacute;dico Opennemas es cosa de segundos con este m&oacute;dulo. De esta forma se puede seleccionar una maqueta diferente en cada una de las portadas.</p>\n\";s:2:\"gl\";s:292:\"<p>Xesti&oacute;n MANUAL do maqueteiro/Disposici&oacute;ns de portadas</p>\n\n<p>Poder cambiar a aparencia do teu peri&oacute;dico Opennemas &eacute; cuesti&oacute;n de segundos con este m&oacute;dulo. Desta forma p&oacute;dese seleccionar unha maqueta diferente en cada unha das portadas.</p>\n\";}','a:1:{i:0;s:28:\"/media/core/modules/16_1.jpg\";}','2016-01-14 19:00:27','2017-06-26 14:48:18',1,'http://www.openhost.es'),(17,'FRONTPAGE_MANAGER','a:3:{s:2:\"en\";s:17:\"Frontpage Manager\";s:2:\"es\";s:18:\"Gestor de portadas\";s:2:\"gl\";s:18:\"Xestor de portadas\";}','module','Openhost, S.L.','a:3:{s:2:\"en\";s:108:\"<p>Most important asset of a newspaper, the frontpage manager allows live update of frontpages content.</p>\n\";s:2:\"es\";s:146:\"<p>El valor m&aacute;s importante en un peri&oacute;dico, el gestor de portadas le permite actualizar en vivo los contenidos de las portadas.</p>\n\";s:2:\"gl\";s:145:\"<p>O valor m&aacute;is importante do seu peri&oacute;dico, o xestor de portadas perm&iacute;telle actualizar en vivo os contidos da portada.</p>\n\";}','a:3:{s:2:\"en\";s:170:\"<p>Module included in the Basic pack (FREE) of opennemas, the frontpage manager will allow you to add articles and modify visualization of your frontpages instantly.</p>\n\";s:2:\"es\";s:247:\"<p>M&oacute;dulo inclu&iacute;do en el pack B&aacute;sico (GRATUITO) de Opennemas, el gestor de portadas te permite a&ntilde;adir art&iacute;culos y modificar la visualizaci&oacute;n de las portadas de forma instant&aacute;nea.</p>\n\n<p>&nbsp;</p>\n\";s:2:\"gl\";s:213:\"<p>M&oacute;dulo inclu&iacute;do no pack B&aacute;sico (GRATU&Iacute;TO) de opennemas, o xestor de portadas perm&iacute;teche engadir artigos e modificar a visualizaci&oacute;n de portadas de forma inmediata.</p>\n\";}','a:1:{i:0;s:28:\"/media/core/modules/17_1.jpg\";}','2016-01-14 19:01:09','2017-06-26 14:48:37',1,'http://www.openhost.es'),(18,'IMAGE_MANAGER','a:3:{s:2:\"en\";s:6:\"Images\";s:2:\"es\";s:9:\"Imágenes\";s:2:\"gl\";s:6:\"Imaxes\";}','module','Openhost, S.L.','a:3:{s:2:\"en\";s:37:\"<p>Allows user to upload images.</p>\n\";s:2:\"es\";s:49:\"<p>Permite al usuario subir im&aacute;genes.</p>\n\";s:2:\"gl\";s:39:\"<p>Perm&iacute;telle subir imaxes.</p>\n\";}','a:3:{s:2:\"en\";s:0:\"\";s:2:\"es\";s:0:\"\";s:2:\"gl\";s:0:\"\";}','a:1:{i:0;s:28:\"/media/core/modules/18_1.jpg\";}','2016-01-14 18:01:58','2016-01-18 12:41:38',1,'http://www.openhost.es'),(19,'KEYWORD_MANAGER','a:3:{s:2:\"en\";s:8:\"Keywords\";s:2:\"es\";s:14:\"Palabras clave\";s:2:\"gl\";s:14:\"Palabras clave\";}','module','Openhost, S.L.','a:3:{s:2:\"en\";s:122:\"<p>Create a list of your favourite keywords and choose if you want to link it to something or assign an action to it.</p>\n\";s:2:\"es\";s:150:\"<p>Gestiona tus palabras clave y elige si quieres enlazar cualquier texto a una web autom&aacute;ticamente o asignar una accci&oacute;n al mismo.</p>\n\";s:2:\"gl\";s:104:\"<p>Mostra as palabras clave e selecciona se quere ligala con lago ou asignarlle unha acci&oacute;n.</p>\n\";}','a:3:{s:2:\"en\";s:261:\"<p>Feature included in the Basic pack (FREE) of opennemas.</p>\n\n<p>It allows you to create a list of keywords and assign a landing page to each of them, or mail_to, and automatically every time that this keyword will be used the system will tag it for you.</p>\n\";s:2:\"es\";s:187:\"<p>Le permite crear una lista de palabras clave a las que asignar una direcci&oacute;n web, o un correo, y cada vez que use esta palabra clave el sistema la etiquetar&aacute; por ti.</p>\n\";s:2:\"gl\";s:188:\"<p>Perm&iacute;telle crear unha lista de palabras chave e asigne cada unha delas a un enderezo web, ou a un correo, e cada vez que use unha palabra chave o sistema etiquetar&aacute;a.</p>\n\";}','a:1:{i:0;s:28:\"/media/core/modules/19_1.jpg\";}','2016-01-14 18:02:48','2016-01-18 12:41:27',1,'http://www.openhost.es'),(20,'KIOSKO_MANAGER','a:3:{s:2:\"en\";s:9:\"NewsStand\";s:2:\"es\";s:6:\"Kiosko\";s:2:\"gl\";s:6:\"Kiosko\";}','module','Openhost, S.L.','a:3:{s:2:\"en\";s:71:\"<p>Let your readers download the pdf copy of your print newspaper.</p>\n\";s:2:\"es\";s:79:\"<p>Deja que tus lectores disfruten de tu peri&oacute;dico de papel en PDF.</p>\n\";s:2:\"gl\";s:85:\"<p>Deixa que os teus lectores desfruten do teu peri&oacute;dico de papel en PDF.</p>\n\";}','a:3:{s:2:\"en\";s:303:\"<p>If you would like to keep the print version of your newspaper in a newsstand like &lt;a href=&quot;http://kiosko.net/&quot; target=&quot;_blank&quot;&gt;kiosko.net&lt;/a&gt;, you just need to upload the full version or the frontpage and your users will be able to download it whenever they want.</p>\n\";s:2:\"es\";s:313:\"<p>&iquest;Quieres tener la versi&oacute;n de papel de tu peri&oacute;dico en un gestor de kiosko como <a href=\"http://kiosko.net/\" target=\"_blank\">kiosko.net</a>?&nbsp;Con este m&oacute;dulo es posible.</p>\n\n<p>Sube la versi&oacute;n completa o solo la portada. El lector se descargar&aacute; el PDF subido.</p>\n\";s:2:\"gl\";s:308:\"<p>&iquest;Queres ter a versi&oacute;n de papel do teu peri&oacute;dico nun xestor de kiosko como <a href=\"http://kiosko.net/\" target=\"_blank\">kiosko.net</a>?&nbsp;Con este m&oacute;dulo &eacute; posible.</p>\n\n<p>Sube a versi&oacute;n completa ou s&oacute; a portada. O lector descargarase o PFD subido.</p>\n\";}','a:1:{i:0;s:28:\"/media/core/modules/20_1.jpg\";}','2016-01-14 18:03:30','2016-03-18 11:38:32',1,'http://www.openhost.es'),(21,'LETTER_MANAGER','a:3:{s:2:\"en\";s:7:\"Connect\";s:2:\"es\";s:7:\"Conecta\";s:2:\"gl\";s:7:\"Conecta\";}','module','Openhost, S.L.','a:3:{s:2:\"en\";s:41:\"<p>Let your readers be contributors.</p>\n\";s:2:\"es\";s:59:\"<p>Deja que tus lectores contribuyan con sus noticias.</p>\n\";s:2:\"gl\";s:78:\"<p>Deixa que os teus lectores contrib&uacute;an coas s&uacute;as noticias</p>\n\";}','a:3:{s:2:\"en\";s:340:\"<p>Our feature Opennemas Connect will allow readers to submit their news, so that the newspaper can become the &quot;voice of people/Internet&quot;.</p>\n\n<p>You will be able to create custom submission forms for your contributors so that they can share daily in the easiest way.</p>\n\n<p>All contributions can be moderated.<br />\n&nbsp;</p>\n\";s:2:\"es\";s:348:\"<p>Opennemas Connect permite a los lectores crear noticias para la plataforma, de manera que el peri&oacute;dico pueda ser la voz de las personas.</p>\n\n<p>El peri&oacute;dico podr&aacute; crear un formulario personalizado para que los lectores compartan diariamente y de manera f&aacute;cil.</p>\n\n<p>Todas las contribuciones se pueden moderar.</p>\n\";s:2:\"gl\";s:292:\"<p>Opennemas Connect perm&iacute;telle aos lectores crear as s&uacute;as novas para a plataforma, de forma que o xornal poida converterse na voz das persoas.</p>\n\n<p>O xornal poder&aacute; crear un formulario personalizados para que os seus lectores compartan diariamente de forma doada.</p>\n\";}','a:1:{i:0;s:28:\"/media/core/modules/21_1.jpg\";}','2016-01-14 18:04:25','2016-01-18 11:44:25',1,'http://www.openhost.es'),(22,'LIBRARY_MANAGER','a:3:{s:2:\"en\";s:7:\"Library\";s:2:\"es\";s:10:\"Hemeroteca\";s:2:\"gl\";s:10:\"Hemeroteca\";}','module','Openhost, S.L.','a:3:{s:2:\"en\";s:71:\"<p>It allows to render list of contents in a page and classify it.</p>\n\";s:2:\"es\";s:85:\"<p>Permite mostrar una lista de contenidos en una p&aacute;gina y clasificarlos.</p>\n\";s:2:\"gl\";s:87:\"<p>Permite mostrar unha lista de contidos nunha p&aacute;xina e&nbsp;clasificalos.</p>\n\";}','a:3:{s:2:\"en\";s:168:\"<p>Feature included in the Basic pack (FREE) of Opennemas in order to process in a page the list of the contents and classify it by section created on a given day.</p>\n\";s:2:\"es\";s:134:\"<p>Te permite crear una p&aacute;gina que muestre contenidos clasific&aacute;ndolos por secci&oacute;n y para un d&iacute;a dado.</p>\n\";s:2:\"gl\";s:141:\"<p>Perm&iacute;telle crear unha p&aacute;xina que mostra contidos e clasif&iacute;caos por secci&oacute;n e creados nun d&iacute;a dado.</p>\n\";}','a:1:{i:0;s:28:\"/media/core/modules/22_1.jpg\";}','2016-01-14 18:05:12','2016-01-18 12:38:26',1,'http://www.openhost.es'),(23,'MENU_MANAGER','a:3:{s:2:\"en\";s:5:\"Menus\";s:2:\"es\";s:6:\"Menús\";s:2:\"gl\";s:6:\"Menús\";}','module','Openhost, S.L.','a:3:{s:2:\"en\";s:68:\"<p>Control your site navegation with menus and custom elements.</p>\n\";s:2:\"es\";s:94:\"<p>Controle la navegaci&oacute;n de su sitio con men&uacute;s y elementos personalizados.</p>\n\";s:2:\"gl\";s:91:\"<p>Controle a navegaci&oacute;n de sitios con men&uacute;s e elementos personalizados.</p>\n\";}','a:3:{s:2:\"en\";s:273:\"<p>Feature included in the Basic Pack (FREE) of Opennemas, it enables you to control your site navigation.</p>\n\n<p>You can add different kind of elements to menus:</p>\n\n<ul>\n	<li>Internal links</li>\n	<li>Frontages</li>\n	<li>Static pages</li>\n	<li>External links</li>\n</ul>\n\";s:2:\"es\";s:293:\"<p>Este m&oacute;dulo te permite controlar los men&uacute;s de navegaci&oacute;n de tu sitio.</p>\n\n<p>A&ntilde;ade varios tipos de elementos en los men&uacute;s:</p>\n\n<ul>\n	<li>Enlaces internos</li>\n	<li>Portadas</li>\n	<li>P&aacute;ginas est&aacute;ticas</li>\n	<li>Enlaces externos</li>\n</ul>\n\";s:2:\"gl\";s:315:\"<p>Este m&oacute;dulo perm&iacute;telle ter control sobre os men&uacute;s de navegaci&oacute;n do teu sitio.</p>\n\n<p>Engada varios tipos de elementos nos men&uacute;s:</p>\n\n<ul>\n	<li>Ligaz&oacute;ns internas</li>\n	<li>Portadas</li>\n	<li>P&aacute;xinas est&aacute;ticas</li>\n	<li>Ligaz&oacute;ns externas</li>\n</ul>\n\";}','a:1:{i:0;s:28:\"/media/core/modules/23_1.jpg\";}','2016-01-14 18:06:12','2016-01-18 11:53:28',1,'http://www.openhost.es'),(24,'NEWSLETTER_MANAGER','a:3:{s:2:\"en\";s:10:\"Newsletter\";s:2:\"es\";s:20:\"Boletín de noticias\";s:2:\"gl\";s:16:\"Boletin de novas\";}','module','Openhost, S.L.','a:3:{s:2:\"en\";s:66:\"<p>Engage your readers with your own personalised newsletter.</p>\n\";s:2:\"es\";s:81:\"<p>Comparte m&aacute;s con tus lectores envi&aacute;ndole un bolet&iacute;n.</p>\n\";s:2:\"gl\";s:85:\"<p>Comparte m&aacute;is cos teus lectores envi&aacute;ndolles un bolet&iacute;n.</p>\n\";}','a:3:{s:2:\"en\";s:331:\"<p>It is more and more frequent that newspapers send bulletins with a selection of the most interesting news of the day/week/month.</p>\n\n<p>This module allows administrators to create custom layouts of the bulletin and to edit the style before sending it.</p>\n\n<p>This way you will be able to create the newsletter your style.</p>\n\";s:2:\"es\";s:355:\"<p>Cada vez es m&aacute;s com&uacute;n enviar boletines a los clientes con las noticias m&aacute;s interesantes del diario.</p>\n\n<p>Este m&oacute;dulo contiene un gestor para maquetar el bolet&iacute;n al igual que poder editar los estilos de &eacute;ste antes de enviarlo.</p>\n\n<p>De esta forma podr&aacute;s crear el Newsletter a tu forma y estilo.</p>\n\";s:2:\"gl\";s:359:\"<p>Cada vez &eacute; m&aacute;is frecuente que os peri&oacute;dicos env&iacute;en bolet&iacute;ns a&oacute;s lectores coas novas m&aacute;is interesantes do xornal</p>\n\n<p>Este m&oacute;dulo cont&eacute;n un xestor para maquetar o bolet&iacute;n e editar o estilo antes de envialo.</p>\n\n<p>Desta forma poder&aacute; crear un bolet&iacute;n co seu estilo.</p>\n\";}','a:1:{i:0;s:28:\"/media/core/modules/24_1.jpg\";}','2016-01-14 18:08:19','2016-01-18 11:58:48',1,'http://www.openhost.es'),(25,'NEWS_AGENCY_IMPORTER','a:3:{s:2:\"en\";s:20:\"News Agency importer\";s:2:\"es\";s:31:\"Importador de noticias agencias\";s:2:\"gl\";s:31:\"Importador de novas de axencias\";}','module','Openhost, S.L.','a:3:{s:2:\"en\";s:80:\"<p>Keeping your digital news up to date with agencies is already a reality!</p>\n\";s:2:\"es\";s:85:\"<p>&iexcl;Mantener tu noticias actualizadas con las agencias ya es una realidad!</p>\n\";s:2:\"gl\";s:103:\"<p>&iexcl;Manter&nbsp;as t&uacute;as novas dixitais actualizadas con axencias xa &eacute; posible!</p>\n\";}','a:3:{s:2:\"en\";s:539:\"<p>With just a few clicks the administrator will be able to add any news from agencies in the frontpage of the newspaper together with any image or media attached.</p>\n\n<p>Whichever is your agency you can configure it: <a href=\"http://www.efe.com/\" target=\"_blank\">Agencia EFE</a>, <a href=\"http://www.europapress.es/\" target=\"_blank\">Agencia Europa press</a>, <a href=\"http://www.reuters.com/\" target=\"_blank\">Reuters</a> and other RSS/XML sources, etc. Every and each of this channels will be available in your administration panel.</p>\n\";s:2:\"es\";s:726:\"<p><a href=\"http://www.efe.com/\" target=\"_blank\">Agencia EFE</a>, <a href=\"http://www.europapress.es/\" target=\"_blank\">Agencia Europa press</a>, <a href=\"http://www.reuters.com/\" target=\"_blank\">Reuters</a> y otras fuentes de RSS/XML. Cualquiera de estos canales estar&aacute;n disponibles para los peri&oacute;dicos Opennemas. Con unos cuantos clicks el usuario podr&aacute; insertar cualquier noticia de estas agencias en la portada de su diario con la foto, v&iacute;deo o element adjunto.</p>\n\n<p>Mantener tu publicaci&oacute;n digital al d&iacute;a con las agencias ya es una realidad gracias a este m&oacute;dulo</p>\n\n<p>Nota: No se incluye el alta de las agencias. Eso es gesti&oacute;n del cliente.</p>\n\n<p>&nbsp;</p>\n\";s:2:\"gl\";s:713:\"<p><a href=\"http://www.efe.com/\" target=\"_blank\">Agencia EFE</a>, <a href=\"http://www.europapress.es/\" target=\"_blank\">Agencia Europa press</a>, <a href=\"http://www.reuters.com/\" target=\"_blank\">Reuters</a> e outras fontes RSS/XML. Calquera destas canles estar&aacute; dispo&ntilde;ible para os peri&oacute;dicos Opennemas. Cuns cantos clicks o usuario poder&aacute; insertar calquera nova destas axencias na portada do seu diario coa foto, v&iacute;deo ou elemento adxunto.</p>\n\n<p>Manter a t&uacute;a publicaci&oacute;n dixital ao d&iacute;a coas axencias xa &eacute; unha realidade grazas a este m&oacute;dulo</p>\n\n<p>Nota: Non se incl&uacute;e a alta nas axencias. Iso &eacute; cuesti&oacute;n do cliente</p>\n\";}','a:1:{i:0;s:28:\"/media/core/modules/25_1.jpg\";}','2016-01-14 18:09:16','2016-01-18 11:56:19',1,'http://www.openhost.es'),(26,'OPENNEMAS_AGENCY','a:3:{s:2:\"en\";s:24:\"Articles Synchronization\";s:2:\"es\";s:29:\"Sincronización de artículos\";s:2:\"gl\";s:26:\"Sincronización de artigos\";}','module','Openhost, S.L.','a:3:{s:2:\"en\";s:59:\"<p>Update more newspapers at once by syncing articles.</p>\n\";s:2:\"es\";s:78:\"<p>Actualiza m&aacute;s peri&oacute;dicos sincronizando art&iacute;culos.</p>\n\";s:2:\"gl\";s:70:\"<p>Actualiza m&aacute;is peri&oacute;dicos sincronizando artigos.</p>\n\";}','a:3:{s:2:\"en\";s:254:\"<p>Similarly to the frontpage synchronisation feature you will be able to update multiple newspapers by adding or editing articles in the main one.</p>\n\n<p>If you have many local newspapers you can import all the articles you want from the main one.</p>\n\";s:2:\"es\";s:304:\"<p>Este m&oacute;dulo es muy parecido al m&oacute;dulo de sincronizaci&oacute;n, pero en este caso se pueden sincronizar art&iacute;culos sueltos.</p>\n\n<p>As&iacute; los periodistas de una publicaci&oacute;n podr&aacute;n importar cuantos art&iacute;culos quieran de la publicaci&oacute;n principal.</p>\n\";s:2:\"gl\";s:288:\"<p>Este m&oacute;dulo &eacute; moi parecido ao m&oacute;dulo de sincronizaci&oacute;n, pero neste caso p&oacute;dense sincronizar artigos soltos.</p>\n\n<p>As&iacute; os xornalistas dunha publicaci&oacute;n poder&aacute;n importar cantos artigos queiran da publicaci&oacute;n principal</p>\n\";}','a:1:{i:0;s:28:\"/media/core/modules/26_1.jpg\";}','2016-01-14 18:10:10','2016-01-18 12:38:59',1,'http://www.openhost.es'),(27,'OPINION_MANAGER','a:3:{s:2:\"en\";s:7:\"Opinion\";s:2:\"es\";s:8:\"Opinión\";s:2:\"gl\";s:8:\"Opinión\";}','module','Openhost, S.L.','a:3:{s:2:\"en\";s:58:\"<p>Have your opinionist publishing on your newspaper.</p>\n\";s:2:\"es\";s:81:\"<p>Permite a articulistas de opini&oacute;n publicar en tu peri&oacute;dico.</p>\n\";s:2:\"gl\";s:84:\"<p>Conta con articulistas de opini&oacute;n publicando no teu peri&oacute;dico.</p>\n\";}','a:3:{s:2:\"en\";s:0:\"\";s:2:\"es\";s:0:\"\";s:2:\"gl\";s:0:\"\";}','a:1:{i:0;s:28:\"/media/core/modules/27_1.jpg\";}','2016-01-14 18:10:51','2016-01-18 12:01:47',0,'http://www.openhost.es'),(28,'POLL_MANAGER','a:3:{s:2:\"en\";s:13:\"Polls manager\";s:2:\"es\";s:19:\"Gestor de encuestas\";s:2:\"gl\";s:18:\"Xestor de enquisas\";}','module','Openhost, S.L.','a:3:{s:2:\"en\";s:90:\"<p>Create and manage your polls, engage your audience and collect useful information.</p>\n\";s:2:\"es\";s:98:\"<p>Crea y gestiona encuestas, atrae a los lectores y aprende m&aacute;s sobre lo que piensan.</p>\n\";s:2:\"gl\";s:109:\"<p>Crea e xestiona as t&uacute;as enquisas, atrae aos lectores e aprende m&aacute;is sobre o que pensan.</p>\n\";}','a:3:{s:2:\"en\";s:240:\"<p>Polls questions can be created with single or multiple choice answers and the results displayed on bar charts, pie charts, etc.</p>\n\n<p>The most relevant aspect is that they are compatible and available on any browsers in the world.</p>\n\";s:2:\"es\";s:232:\"<p>M&uacute;ltiples opciones son posibles en este m&oacute;dulo, desde encuestas de tipo barras, de tipo tarta, multiple respuesta, etc.</p>\n\n<p>Lo m&aacute;s importante es que son visibles en todos los navegadores del mercado.</p>\n\";s:2:\"gl\";s:344:\"<p>M&uacute;ltiples opci&oacute;ns son posibles neste m&oacute;dulo, desde enquisas de tipo barras, de tipo tarta, resposta m&uacute;ltiple, etc.</p>\n\n<p>O m&aacute;is importante &eacute; que son visibles en todos os navegadores do mercado.</p>\n\n<p>E o aspecto m&aacute;is importante &eacute; que &eacute; compat&iacute;bel e completamente</p>\n\";}','a:1:{i:0;s:28:\"/media/core/modules/28_1.jpg\";}','2016-01-14 18:11:26','2016-01-18 12:06:45',1,'http://www.openhost.es'),(29,'PROMOTIONAL_BAR','a:3:{s:2:\"en\";s:15:\"Promotional bar\";s:2:\"es\";s:17:\"Barra promocional\";s:2:\"gl\";s:17:\"Barra promocional\";}','module','Openhost, S.L.','a:3:{s:2:\"en\";s:0:\"\";s:2:\"es\";s:0:\"\";s:2:\"gl\";s:0:\"\";}','a:3:{s:2:\"en\";s:0:\"\";s:2:\"es\";s:0:\"\";s:2:\"gl\";s:0:\"\";}','a:1:{i:0;s:28:\"/media/core/modules/29_1.jpg\";}','2016-01-14 18:12:06','2016-01-18 12:39:12',0,'http://www.openhost.es'),(30,'SCHEDULE_MANAGER','a:3:{s:2:\"en\";s:9:\"Schedules\";s:2:\"es\";s:14:\"Planificación\";s:2:\"gl\";s:14:\"Planificación\";}','module','Openhost, S.L.','a:3:{s:2:\"en\";s:0:\"\";s:2:\"es\";s:0:\"\";s:2:\"gl\";s:0:\"\";}','a:3:{s:2:\"en\";s:0:\"\";s:2:\"es\";s:0:\"\";s:2:\"gl\";s:0:\"\";}',NULL,'2016-01-14 18:12:33','2016-01-18 12:08:04',0,'http://www.openhost.es'),(31,'SETTINGS_MANAGER','a:3:{s:2:\"en\";s:20:\"System wide settings\";s:2:\"es\";s:20:\"Opciones del sistema\";s:2:\"gl\";s:23:\"Preferencias do sistema\";}','module','Openhost, S.L.','a:3:{s:2:\"en\";s:0:\"\";s:2:\"es\";s:0:\"\";s:2:\"gl\";s:0:\"\";}','a:3:{s:2:\"en\";s:0:\"\";s:2:\"es\";s:0:\"\";s:2:\"gl\";s:0:\"\";}',NULL,'2016-01-14 18:12:57','2016-01-18 12:08:33',0,'http://www.openhost.es'),(32,'SPECIAL_MANAGER','a:3:{s:2:\"en\";s:8:\"Specials\";s:2:\"es\";s:10:\"Especiales\";s:2:\"gl\";s:9:\"Especiais\";}','module','Openhost, S.L.','a:3:{s:2:\"en\";s:0:\"\";s:2:\"es\";s:0:\"\";s:2:\"gl\";s:0:\"\";}','a:3:{s:2:\"en\";s:0:\"\";s:2:\"es\";s:0:\"\";s:2:\"gl\";s:0:\"\";}',NULL,'2016-01-14 18:13:18','2016-01-18 12:09:04',0,'http://www.openhost.es'),(33,'STATIC_LIBRARY','a:3:{s:2:\"en\";s:14:\"Static library\";s:2:\"es\";s:24:\"Hemeroteca de estáticos\";s:2:\"gl\";s:24:\"Hemeroteca de estáticos\";}','module','Openhost, S.L.','a:3:{s:2:\"en\";s:0:\"\";s:2:\"es\";s:0:\"\";s:2:\"gl\";s:0:\"\";}','a:3:{s:2:\"en\";s:0:\"\";s:2:\"es\";s:0:\"\";s:2:\"gl\";s:0:\"\";}',NULL,'2016-01-14 18:13:42','2016-01-18 12:09:39',0,'http://www.openhost.es'),(34,'STATIC_PAGES_MANAGER','a:3:{s:2:\"en\";s:12:\"Static pages\";s:2:\"es\";s:19:\"Páginas estáticas\";s:2:\"gl\";s:19:\"Páxinas estáticas\";}','module','Openhost, S.L.','a:3:{s:2:\"en\";s:58:\"<p>Manage your internal information in a static page.</p>\n\";s:2:\"es\";s:85:\"<p>Gestiona tu informaci&oacute;n interna con una p&aacute;gina est&aacute;tica.</p>\n\";s:2:\"gl\";s:93:\"<p>Xestiona a t&uacute;a informaci&oacute;n interna nunha p&aacute;xina est&aacute;tica.</p>\n\";}','a:3:{s:2:\"en\";s:185:\"<p>Module included in the Basic pack (FREE) of opennemas.</p>\n\n<p>It allows newspapers to have static pages if needed for legal information and or &quot;about us&quot; information.</p>\n\";s:2:\"es\";s:153:\"<p>Permite crear p&aacute;ginas&nbsp;est&aacute;ticas&nbsp;con la&nbsp;informaci&oacute;n legal o una secci&oacute;n&nbsp;&quot;Quienes somos&quot;.</p>\n\";s:2:\"gl\";s:148:\"<p>Permite crear p&aacute;xinas&nbsp;est&aacute;ticas&nbsp;coa&nbsp;informaci&oacute;n legal o uhna secci&oacute;n&nbsp;&quot;Quen somos&quot;.</p>\n\";}','a:1:{i:0;s:28:\"/media/core/modules/34_1.jpg\";}','2016-01-14 18:14:32','2016-01-18 12:13:50',1,'http://www.openhost.es'),(35,'SYNC_MANAGER','a:3:{s:2:\"en\";s:25:\"Frontpage Synchronization\";s:2:\"es\";s:27:\"Sincronización de portadas\";s:2:\"gl\";s:27:\"Sincronización de portadas\";}','module','Openhost, S.L.','a:3:{s:2:\"en\";s:55:\"<p>Update many frontpages by updating 1 frontpage!</p>\n\";s:2:\"es\";s:60:\"<p>&iexcl;Actualiza m&aacute;s de una portada a la vez!</p>\n\";s:2:\"gl\";s:64:\"<p>&iexcl;Actualiza m&aacute;is dunha portada &aacute; vez!</p>\n\";}','a:3:{s:2:\"en\";s:631:\"<p>Do you have more than 1 newspaper and you would like for the &quot;home&quot; pages to be synchronised?</p>\n\n<p>No problem. By activating this module you will have all your news synchronised in many frontpages all at once. For instance if you have many locak newspapers and one main one, you can update the frontpage of all locals with news of the general newspaper.</p>\n\n<p>If you modify a frontpage in the main newspaper the frontpage of local newspapers will update automatically too.</p>\n\n<p>The only requirement is that all newspapers need to belong to the same group, so that the frontpage is stored in the one place.</p>\n\";s:2:\"es\";s:630:\"<p>&iquest;Tienes m&aacute;s de dos peri&oacute;dicos y quieres que los peri&oacute;dicos &quot;anexos&quot; tengan sincronizadas las portadas generales del peri&oacute;dico principal?</p>\n\n<p>De esta forma podr&aacute;s tener diarios locales con informaci&oacute;n local o diferente del principal pero con toda las noticias del sitio general.</p>\n\n<p>Si una portada se modifica en el peri&oacute;dico principal tambi&eacute;n se modificar&aacute; en los diarios &quot;anexos&quot;.</p>\n\n<p>Imprescindible para varios peri&oacute;dicos de un mismo grupo. As&iacute; no es necesario mantener la misma portada en varios sitios.</p>\n\";s:2:\"gl\";s:576:\"<p>&iquest;Tes m&aacute;is de dous xornais e queres que os xornais &quot;anexos&quot; te&ntilde;an sincronizadas as portadas xerais do xornal principal?</p>\n\n<p>Desta forma poder&aacute;s ter diarios locais con informaci&oacute;n local ou diferente do principal pero con todas as noticias do sitio xeral.</p>\n\n<p>Se unha portada se modifica no xornal principal tam&eacute;n se modificar&aacute; nos diarios &quot;anexos&quot;.</p>\n\n<p>Imprescindible para varios peri&oacute;dicos dun mesmo grupo. As&iacute; nom &eacute; necesario manter a mesma portada en varios sitios.</p>\n\";}','a:1:{i:0;s:28:\"/media/core/modules/35_1.jpg\";}','2016-01-14 18:15:17','2016-01-18 12:30:55',1,'http://www.openhost.es'),(36,'TRASH_MANAGER','a:3:{s:2:\"en\";s:5:\"Trash\";s:2:\"es\";s:8:\"Papelera\";s:2:\"gl\";s:4:\"Lixo\";}','module','Openhost, S.L.','a:3:{s:2:\"en\";s:0:\"\";s:2:\"es\";s:0:\"\";s:2:\"gl\";s:0:\"\";}','a:3:{s:2:\"en\";s:0:\"\";s:2:\"es\";s:0:\"\";s:2:\"gl\";s:0:\"\";}',NULL,'2016-01-14 18:15:41','2016-01-18 12:31:52',0,'http://www.openhost.es'),(37,'USERVOICE_SUPPORT','a:3:{s:2:\"en\";s:21:\"UserVoice integration\";s:2:\"es\";s:25:\"Integración de UserVoice\";s:2:\"gl\";s:25:\"Integración de UserVoice\";}','module','Openhost, S.L.','a:3:{s:2:\"en\";s:0:\"\";s:2:\"es\";s:0:\"\";s:2:\"gl\";s:0:\"\";}','a:3:{s:2:\"en\";s:0:\"\";s:2:\"es\";s:0:\"\";s:2:\"gl\";s:0:\"\";}','a:1:{i:0;s:28:\"/media/core/modules/37_1.jpg\";}','2016-01-14 18:16:05','2016-01-18 12:42:12',1,'http://www.openhost.es'),(38,'USER_GROUP_MANAGER','a:3:{s:2:\"en\";s:11:\"User groups\";s:2:\"es\";s:18:\"Grupos de usuarios\";s:2:\"gl\";s:18:\"Grupos de usuarios\";}','module','Openhost, S.L.','a:3:{s:2:\"en\";s:0:\"\";s:2:\"es\";s:0:\"\";s:2:\"gl\";s:0:\"\";}','a:3:{s:2:\"en\";s:0:\"\";s:2:\"es\";s:0:\"\";s:2:\"gl\";s:0:\"\";}',NULL,'2016-01-14 18:16:27','2016-01-18 12:32:38',0,'http://www.openhost.es'),(39,'USER_MANAGER','a:3:{s:2:\"en\";s:5:\"Users\";s:2:\"es\";s:8:\"Usuarios\";s:2:\"gl\";s:8:\"Usuarios\";}','module','Openhost, S.L.','a:3:{s:2:\"en\";s:0:\"\";s:2:\"es\";s:0:\"\";s:2:\"gl\";s:0:\"\";}','a:3:{s:2:\"en\";s:0:\"\";s:2:\"es\";s:0:\"\";s:2:\"gl\";s:0:\"\";}',NULL,'2016-01-14 18:16:59','2016-01-18 12:32:50',0,'http://www.openhost.es'),(40,'VIDEO_MANAGER','a:3:{s:2:\"en\";s:6:\"Videos\";s:2:\"es\";s:7:\"Vídeos\";s:2:\"gl\";s:7:\"Vídeos\";}','module','Openhost, S.L.','a:3:{s:2:\"en\";s:0:\"\";s:2:\"es\";s:0:\"\";s:2:\"gl\";s:0:\"\";}','a:3:{s:2:\"en\";s:0:\"\";s:2:\"es\";s:0:\"\";s:2:\"gl\";s:0:\"\";}',NULL,'2016-01-14 18:17:12','2016-01-18 12:33:47',0,'http://www.openhost.es'),(41,'WIDGET_MANAGER','a:3:{s:2:\"en\";s:14:\"Widget manager\";s:2:\"es\";s:17:\"Gestor de widgets\";s:2:\"gl\";s:17:\"Xestor de widgets\";}','module','Openhost, S.L.','a:3:{s:2:\"en\";s:0:\"\";s:2:\"es\";s:0:\"\";s:2:\"gl\";s:0:\"\";}','a:3:{s:2:\"en\";s:0:\"\";s:2:\"es\";s:0:\"\";s:2:\"gl\";s:0:\"\";}',NULL,'2016-01-14 18:17:34','2016-01-18 12:34:15',0,'http://www.openhost.es'),(42,'XML_IMPORT','a:3:{s:2:\"en\";s:11:\"Import XMLs\";s:2:\"es\";s:20:\"Importación de XMLs\";s:2:\"gl\";s:20:\"Importación de XMLs\";}','module','Openhost, S.L.','a:3:{s:2:\"en\";s:66:\"<p>Do you have your articles in Adobe InDesign or QuarkXPress</p>\n\";s:2:\"es\";s:73:\"<p>&iquest;Trabajas tus art&iacute;culos con InDesign o QuarkXPress?</p>\n\";s:2:\"gl\";s:68:\"<p>&iquest;Traballas os teus artigos en InDesign e QuarkXPress?</p>\n\";}','a:3:{s:2:\"en\";s:230:\"<p>By activating this module you will be able to import XML from Adobe InDesign and QuarkXPress, so that your print articles will become digital. This automatisation is one of the most popular because it saves so much time...</p>\n\";s:2:\"es\";s:232:\"<p>Este gestor permite importar los XML de Adobe InDesign/QuarkXPress de las p&aacute;ginas de papel de esta versi&oacute;n. Muchos medios disfrutan de esta automatizaci&oacute;n. Se ahorran horas al d&iacute;a en este proceso.</p>\n\";s:2:\"gl\";s:209:\"<p>Este xestor permite importar os XML de Adobe InDesign e QuarkXPress das p&aacute;xinas de papel. Moitos medios desfrutan desta automatizaci&oacute;n. Af&oacute;rranse horas ao d&iacute;a neste proceso.</p>\n\";}','a:1:{i:0;s:28:\"/media/core/modules/42_1.jpg\";}','2016-01-14 18:18:10','2016-01-18 12:42:24',1,'http://www.openhost.es'),(43,'PAYWALL','a:3:{s:2:\"en\";s:7:\"Paywall\";s:2:\"es\";s:7:\"Paywall\";s:2:\"gl\";s:7:\"Paywall\";}','module','Openhost, S.L.','a:3:{s:2:\"en\";s:74:\"<p>Make money creating exclusive content only subscribers can access.</p>\n\";s:2:\"es\";s:54:\"<p>Gana dinero mientras te dedicas a lo que amas.</p>\n\";s:2:\"gl\";s:83:\"<p>Ga&ntilde;a di&ntilde;eiro mentres te adicas &oacute; que m&aacute;is amas.</p>\n\";}','a:3:{s:2:\"en\";s:451:\"<p>The News business is a very challenging and advertising alone often does not allow to newspapers to keep going. Add paywall to your newspaper and you will be able to select articles that you want to sell. This way in order to access this news users will need to register.</p>\n\n<p>You will be able to set the payment/subscription the way you want (weekly, monthly, annual, etc.) and also add currency and % of taxes that the item is subject to.</p>\n\";s:2:\"es\";s:430:\"<p>Es la mejor forma de ganar dinero con Opennemas. Selecciona qu&eacute; art&iacute;culos son de pago. De esta forma, las informaciones configuradas &quot;de pago&quot; no podr&aacute;n ser le&iacute;das sin que el usuario no est&eacute; registrado.</p>\n\n<p>Se puden crear/configurar los tipos de suscripci&oacute;n que se necesiten (semanal, mensual, anual, etc.), la moneda y el % de tasas/impuestos que el producto lleve.</p>\n\";s:2:\"gl\";s:409:\"<p>A mellor forma de ga&ntilde;ar di&ntilde;eiro con Opennemas. Selecciona que art&iacute;culos son de pago. Desta forma, as informaci&oacute;ns configuradas &quot;de pago&quot; non poder&aacute;n ser lidas sen que o usuario estea rexistrado.</p>\n\n<p>Pode crear/configurar os tipos de suscripci&oacute;n que se precisan (semanal, mensual, anual, etc.), a moeda e o % de taxas/impostos que o produto leve.</p>\n\";}','a:1:{i:0;s:28:\"/media/core/modules/43_1.jpg\";}','2016-01-14 18:20:19','2016-01-18 12:03:25',1,'http://www.openhost.es'),(45,'SUPPORT_TRAINING','a:3:{s:2:\"en\";s:30:\"Training and Advisory Services\";s:2:\"es\";s:34:\"Soporte Asesoramiento y Formación\";s:2:\"gl\";s:33:\"Soporte Asesoramento e Formación\";}','module','Openhost, S.L.','a:3:{s:2:\"en\";s:97:\"<p>Ask all your questions, walk through Opennemas and/or receive personal training via phone</p>\n\";s:2:\"es\";s:104:\"<p>Haz todas tus preguntas, recibe formaci&oacute;n acerca de Opennemas via telefono/hangouts/skype</p>\n\";s:2:\"gl\";s:111:\"<p>Fai todas as t&uacute;as preguntas, recibe formaci&oacute;n sobre Opennemas via telefono/hangouts/skype</p>\n\";}','a:3:{s:2:\"en\";s:422:\"<p>Do you need 2 hours on hangouts/skype/phone to ask all your questions or to walk through Opennemas and make sure you know it all?</p>\n\n<p>This is the Support Offer perfect for you!</p>\n\n<p>For a very small fee you will get our expert team on the line and you will be able to ask all the questions you have and/or receive personal training.</p>\n\n<p>Please remember that we guarantee FREE support via tickets/emails.</p>\n\";s:2:\"es\";s:584:\"<p>&iquest;Necesitas atenci&oacute;n personalizada de nuestro equipo por telefono/hangouts/skype para hacer todas las preguntas posibles y/o para tener una formaci&oacute;n completa y asegurarte que lo sabes todo de nuestra plataforma Opennemas?</p>\n\n<p>Esta es la oferta perfecta para ti!</p>\n\n<p>Por un coste muy peque&ntilde;o tendr&aacute;s nuestro experto equipo en linea y podr&aacute;s hacer todo tipo de preguntas acerca de tu proyecto y/o recibir formaci&oacute;n individual.</p>\n\n<p>Por favor recuerda que garantizamos soporte GRATUITO v&iacute;a incidencias y e-mails.</p>\n\";s:2:\"gl\";s:589:\"<p>&iquest;Precisas atenci&oacute;n personalizada do noso equipo por telefono/hangouts/skype para facer todas as preguntas posibles e/ou para ter unha formaci&oacute;n completa e asegurarte que s&aacute;belo todo da nosa plataforma Opennemas?</p>\n\n<p>&iexcl;Esta &eacute; a oferta perfecta para ti!</p>\n\n<p>Por un custo moi pequeno ter&aacute;s o noso experto equipo en li&ntilde;a e poder&aacute;s facer todo tipo de preguntas sobre o teu proxecto e/ou recibir formaci&oacute;n individual.</p>\n\n<p>Por favor recorda que garantizamos soporte GRATUITO v&iacute;a incidencias e e-mails.</p>\n\";}','a:1:{i:0;s:28:\"/media/core/modules/45_1.jpg\";}','2016-01-14 18:29:12','2017-12-05 17:15:19',1,NULL),(46,'SUPPORT_PRO','a:3:{s:2:\"en\";s:11:\"Support Pro\";s:2:\"es\";s:11:\"Soporte Pro\";s:2:\"gl\";s:11:\"Soporte Pro\";}','module','Openhost, S.L.','a:3:{s:2:\"en\";s:27:\"<p>Simple html changes</p>\n\";s:2:\"es\";s:103:\"<p>Este plan de soporte est&aacute; pensado&nbsp;para cambios y creaci&oacute;n de nuevos widgets.</p>\n\";s:2:\"gl\";s:100:\"<p>Este plan de asistencia est&aacute; pensado para cambios e creaci&oacute;n de novos widgets.</p>\n\";}','a:3:{s:2:\"en\";s:33:\"<p>5 hours&nbsp;a&nbsp;month</p>\n\";s:2:\"es\";s:171:\"<p>5 horas al mes</p>\n\n<p>Ejemplos de uso de este soporte:</p>\n\n<ul>\n	<li>Creaci&oacute;n y cambios en widgets</li>\n</ul>\n\n<p>Soporte proporcionado por correo/tickets</p>\n\";s:2:\"gl\";s:161:\"<p>5 horas ao mes</p>\n\n<p>Exemplos de uso da asistencia:</p>\n\n<ul>\n	<li>Crear e cambiar widgets</li>\n</ul>\n\n<p>Asistencia fornecida mediante correos/tickets</p>\n\";}','a:1:{i:0;s:28:\"/media/core/modules/46_1.jpg\";}','2016-01-14 18:31:08','2017-12-05 17:28:38',1,NULL),(48,'SUPPORT_15','a:3:{s:2:\"en\";s:10:\"Support 15\";s:2:\"es\";s:10:\"Soporte 15\";s:2:\"gl\";s:10:\"Soporte 15\";}','module','Openhost, S.L.','a:3:{s:2:\"en\";s:94:\"<p>This support plan is ideal for updating your theme if you have had it for a long time.</p>\n\";s:2:\"es\";s:102:\"<p>Este plan de soporte es perfeto para actualizar tu tema si lo has tenido durante mucho tiempo.</p>\n\";s:2:\"gl\";s:114:\"<p>Este plan de soporte &eacute; perfecto para actualizar o&nbsp;teu&nbsp;tema&nbsp;se xa levas tempo con el.</p>\n\";}','a:3:{s:2:\"en\";s:53:\"<p>15 hours a month to do some HTML/CSS changes.</p>\n\";s:2:\"es\";s:203:\"<p>15 horas al mes</p>\n\n<p>Ejemplos de uso de este soporte:</p>\n\n<ul>\n	<li>Cambios est&aacute;ndar de HTML/CSS en plantillas</li>\n</ul>\n\n<p>Soporte proporcionado por correo/tickets y Google Hangouts</p>\n\";s:2:\"gl\";s:201:\"<p>15 horas ao&nbsp;mes</p>\n\n<p>Exemplos de uso da asistencia:</p>\n\n<ul>\n	<li>Cambios est&aacute;ndar de HTML/CSS en plantillas</li>\n</ul>\n\n<p>Asistencia mediante correos/tickets e Google Hangouts</p>\n\";}','a:1:{i:0;s:28:\"/media/core/modules/48_1.jpg\";}','2016-01-14 18:32:12','2017-12-05 17:04:56',1,NULL),(49,'SUPPORT_30','a:3:{s:2:\"en\";s:10:\"Support 30\";s:2:\"es\";s:10:\"Soporte 30\";s:2:\"gl\";s:10:\"Soporte 30\";}','module','Openhost, S.L.','a:3:{s:2:\"en\";s:98:\"<p>This support plan is ideal for updating your theme and at the same time redefining spaces.</p>\n\";s:2:\"es\";s:102:\"<p>Este plan de soporte es perfecto para actualizar tu tema y al mismo tiempo redefinir espacios.</p>\n\";s:2:\"gl\";s:105:\"<p>Este plan de soporte &eacute; perfecto para anovar o teu tema e ao mesmo tempo redefinir espazos.</p>\n\";}','a:3:{s:2:\"en\";s:189:\"<p>30 hours a 1month</p>\n\n<p>Examples of usage of support:</p>\n\n<ul>\n	<li>Standard changes of HTML/CSS in templates</li>\n</ul>\n\n<p>Support provided by emails/tickets and hangouts/skype</p>\n\";s:2:\"es\";s:227:\"<p>60 horas (3h d&iacute;a durante 1 mes).</p>\n\n<p>Ejemplos de uso de este soporte:</p>\n\n<ul>\n	<li>Cambios est&aacute;ndar de HTML/CSS en plantillas</li>\n</ul>\n\n<p>Soporte proporcionado por correo/tickets y Google Hangouts</p>\n\";s:2:\"gl\";s:236:\"<p>60 horas (3h d&iacute;a durante 1 mes).</p>\n\n<p>Exemplos de uso da asistencia:</p>\n\n<ul>\n	<li>Cambios est&aacute;ndar de HTML/CSS en plantillas</li>\n</ul>\n\n<p>Asistencia fornecida mediante correos/tickets e Google Hangouts/Skype</p>\n\";}','a:1:{i:0;s:28:\"/media/core/modules/49_1.jpg\";}','2016-01-14 18:32:45','2017-12-05 17:06:01',1,'http://www.openhost.es'),(50,'SUPPORT_50','a:3:{s:2:\"en\";s:10:\"Support 50\";s:2:\"es\";s:10:\"Soporte 50\";s:2:\"gl\";s:10:\"Soporte 50\";}','module','Openhost, S.L.','a:3:{s:2:\"en\";s:111:\"<p>This support plan fits the purpose of a restyling of newspapers by redefining spaces, design and style.</p>\n\";s:2:\"es\";s:102:\"<p>Este plan de soporte es perfecto para actualizar tu tema y al mismo tiempo redefinir espacios.</p>\n\";s:2:\"gl\";s:102:\"<p>Este plan de soporte es perfecto para actualizar tu tema y al mismo tiempo redefinir espacios.</p>\n\";}','a:3:{s:2:\"en\";s:365:\"<p>50 horas ao&nbsp;mes</p>\n\n<p>Exemplos de uso da asistencia:</p>\n\n<ul>\n	<li>Cambios est&aacute;ndar de HTML/CSS en plantillas</li>\n	<li>Solicitudes de cambios na disposici&oacute;n de plantillas de portada</li>\n	<li>Titulos de categor&iacute;a, nova estrutura para artigos.</li>\n</ul>\n\n<p>Asistencia fornecida mediante correos/tickets e Google Hangouts/Skype</p>\n\";s:2:\"es\";s:316:\"<p>80 hours a month</p>\n\n<p>Examples of usage of support:</p>\n\n<ul>\n	<li>Standard changes of HTML/CSS in templates</li>\n	<li>Change Requests of the disposition of frontpage templates</li>\n	<li>Category Titles, New structure of inner articles.</li>\n</ul>\n\n<p>Support provided by emails/tickets and hangouts/skype</p>\n\";s:2:\"gl\";s:379:\"<p>50 horas al&nbsp;mes</p>\n\n<p>Ejemplos de uso de este soporte:</p>\n\n<ul>\n	<li>Cambios HTML/CSS est&aacute;ndar en plantillas</li>\n	<li>Solicitud de cambio de disposicioens en plantillas de portadas</li>\n	<li>T&iacute;tulos de categor&iacute;a, nueva estructura en art&iacute;culos interiores.</li>\n</ul>\n\n<p>Soporte proporcionado por emails/tickets y Google Hangouts/Skype</p>\n\";}','a:1:{i:0;s:28:\"/media/core/modules/50_1.jpg\";}','2016-01-14 18:33:25','2017-12-05 17:08:55',1,'http://www.openhost.es'),(54,'BASIC_PACK','a:3:{s:2:\"en\";s:10:\"Basic pack\";s:2:\"es\";s:12:\"Pack Básico\";s:2:\"gl\";s:12:\"Pack Básico\";}','module','Openhost, S.L.','a:3:{s:2:\"en\";s:37:\"<p>Publishing your news is FREE!</p>\n\";s:2:\"es\";s:47:\"<p>&iexcl;Publicar tus noticias es GRATIS!</p>\n\";s:2:\"gl\";s:71:\"<p>&iexcl;Publicar as t&uacute;as novas&nbsp;&eacute;&nbsp;GRATIS!</p>\n\";}','a:3:{s:2:\"en\";s:1150:\"<p>This pack does not require any payment information and it allows you to access our platform to test it as much as to publish your newspaper for free and on the spot!</p>\n\n<p>Includes:</p>\n\n<ul>\n	<li>Frontpage manager</li>\n	<li>Widget manager</li>\n	<li>Opinion articles manager</li>\n	<li>Comments manager</li>\n	<li>Images and files uploading</li>\n	<li>Utilities: Trash, Search Advanced...</li>\n</ul>\n\n<ul>\n	<li>1 x User (1)</li>\n	<li>500 MB&nbsp;Storage (2)</li>\n	<li>50.000 Items (Articles, Opinions, Comments) (2)</li>\n	<li>50.000 page views/month (2)</li>\n	<li>Online Support (Tickets SLA 4&nbsp;business days)</li>\n</ul>\n\n<p><small>1. To add more users refer to <a href=\"http://help.opennemas.com/knowledgebase/articles/368173-precios-opennemas-licencias-de-usuario\" target=\"_blank\">User Licence Page</a>.</small></p>\n\n<p><small>2. For more information about storage or page views please go to our page <a href=\"http://help.opennemas.com/knowledgebase/articles/227476-precios-opennemas-page-views-y-espacio-ocupado\" target=\"_blank\">Page Views and Storage Space</a>.</small></p>\n\n<p><small>All prices above do not include VAT (21%).</small></p>\n\";s:2:\"es\";s:1358:\"<p>Este pack no requiere ninguna informaci&oacute;n de pago y te permite acceder a nuestra plataforma para probarla y publicar tu peri&oacute;dico de forma gratu&iacute;ta, &iexcl;y r&aacute;pidamente!</p>\n\n<p>Incluye:</p>\n\n<ul>\n	<li>Gestor de portadas</li>\n	<li>Gestor de widgetsr</li>\n	<li>Gestor de art&iacute;culos opini&oacute;n</li>\n	<li>Gestor de comentarios</li>\n	<li>Subida de imagenes y archivos</li>\n	<li>Utilidades: Papelera, b&uacute;squeda avanzada...</li>\n	<li>1 x usuarios (1)</li>\n	<li>500 MB de almacenamiento (2)</li>\n	<li>50.000 elementos (art&iacute;culos, opiniones, comentarios) (2)</li>\n	<li>50.000 p&aacute;ginas vistas/mes</li>\n	<li>Asistencia online (Tickets SLA 4 d&iacute;as laborales)</li>\n</ul>\n\n<p><small>1. Para a&ntilde;adir m&aacute;s usuarios consulta nuestra p&aacute;gina de <a href=\"http://help.opennemas.com/knowledgebase/articles/368173-precios-opennemas-licencias-de-usuario\" target=\"_blank\">Licencias de Usuarios</a>.</small></p>\n\n<p><small>2. Para m&aacute;s informaci&oacute;n sobre p&aacute;ginas vistas o almacenamiento consulta nuestra p&aacute;gina <a href=\"http://help.opennemas.com/knowledgebase/articles/227476-precios-opennemas-page-views-y-espacio-ocupado\" target=\"_blank\">P&aacute;ginas Vistas y Espacio Ocupado</a>.</small></p>\n\n<p><small>Todos los precios de arriba no incluyen IVA (21%).</small></p>\n\";s:2:\"gl\";s:1373:\"<p>Este pack non require ninguna informaci&oacute;n de pago e&nbsp;perm&iacute;telle acceder &aacute;&nbsp;nosa plataforma para probala e&nbsp;publicar o&nbsp;teu xornal de forma gratuita, &iexcl;e&nbsp;rapidamente!</p>\n\n<p>Incl&uacute;e:</p>\n\n<ul>\n	<li>Xestor de portadas</li>\n	<li>Xestor de widgets</li>\n	<li>Xestor de artigos de opini&oacute;n</li>\n	<li>Xestor de comentarios</li>\n	<li>Subir imaxes e ficheiros</li>\n	<li>Utilidades: Lixo, busca avanzada...</li>\n	<li>1 x usuario (1)</li>\n	<li>500 MB&nbsp;de almacenamento (2)</li>\n	<li>50.000 elementos (artigos, opini&oacute;ns, comentarios) (2)</li>\n	<li>50.000 p&aacute;xinas vistas/mes</li>\n	<li>Asistencia en li&ntilde;a (tiques SLA 4 d&iacute;as laborais)</li>\n</ul>\n\n<p><small>1. Para engadir m&aacute;is usuarios visita a nosa p&aacute;xina de <a href=\"http://help.opennemas.com/knowledgebase/articles/368173-precios-opennemas-licencias-de-usuario\" target=\"_blank\">licenzas de usuario</a>.</small></p>\n\n<p><small>2. Para obter m&aacute;is informaci&oacute;n sobre o almacenamento ou p&aacute;xinas vistas visita a nosa p&aacute;xina <a href=\"http://help.opennemas.com/knowledgebase/articles/227476-precios-opennemas-page-views-y-espacio-ocupado\" target=\"_blank\">P&aacute;xinas vistas e almacenamento</a>.</small></p>\n\n<p><small>Todos os prezos mostrados non te&ntilde;en o IVE inclu&iacute;do (21%).</small></p>\n\";}','a:1:{i:0;s:28:\"/media/core/modules/54_1.jpg\";}','2016-01-14 20:17:57','2017-06-26 14:47:11',1,'http://www.openhost.es'),(55,'PROFESSIONAL_PACK','a:3:{s:2:\"en\";s:17:\"Professional pack\";s:2:\"es\";s:16:\"Pack Profesional\";s:2:\"gl\";s:16:\"Pack Profesional\";}','module','Openhost, S.L.','a:3:{s:2:\"en\";s:112:\"<p>Our best selling solution, it allows to manage a professional newspaper and start gaining money with it!</p>\n\";s:2:\"es\";s:153:\"<p>Nuestra mejor soluci&oacute;n. Te permite gestionar tu peri&oacute;dico de forma&nbsp;profesional y &iexcl;comenzar a ganar dinero con &eacute;l!</p>\n\";s:2:\"gl\";s:165:\"<p>A nosa soluci&oacute;n m&aacute;is vendida. Permite xestionar un peri&oacute;dico de forma profesional e &iexcl;comezar a ga&ntilde;ar di&ntilde;eiro con el!</p>\n\";}','a:3:{s:2:\"en\";s:2101:\"<p>This pack is thought for professional that are starting their indipendent newspaper and need to manage advertising to grow and to publish polls to engage with their audience.</p>\n\n<p>This offer gives you more than 40% discount (if purchased separately modules have a value of 85EUR/month).</p>\n\n<p>Includes:&nbsp; &nbsp; &nbsp; &nbsp; &nbsp; &nbsp; &nbsp; &nbsp; &nbsp; &nbsp;&nbsp;</p>\n\n<ul>\n	<li>Frontpage manager&nbsp; &nbsp; &nbsp; &nbsp; &nbsp; &nbsp; &nbsp; &nbsp; &nbsp; &nbsp;&nbsp;</li>\n	<li>Widget manager&nbsp; &nbsp; &nbsp; &nbsp; &nbsp; &nbsp; &nbsp; &nbsp; &nbsp; &nbsp; &nbsp; &nbsp;</li>\n	<li>Opinion articles manager&nbsp; &nbsp; &nbsp; &nbsp; &nbsp; &nbsp; &nbsp; &nbsp; &nbsp; &nbsp; &nbsp; &nbsp;</li>\n	<li>Comments manager&nbsp; &nbsp; &nbsp; &nbsp; &nbsp; &nbsp; &nbsp; &nbsp; &nbsp; &nbsp; &nbsp; &nbsp;</li>\n	<li>Images and files uploading&nbsp; &nbsp; &nbsp; &nbsp; &nbsp; &nbsp; &nbsp; &nbsp; &nbsp; &nbsp; &nbsp; &nbsp;</li>\n	<li>Utilities: Trash, Search Advanced...</li>\n	<li>Advertisement manager&nbsp; &nbsp; &nbsp; &nbsp; &nbsp; &nbsp; &nbsp; &nbsp; &nbsp; &nbsp; &nbsp; &nbsp;</li>\n	<li>Polls manager&nbsp; &nbsp; &nbsp; &nbsp; &nbsp; &nbsp; &nbsp; &nbsp; &nbsp; &nbsp; &nbsp; &nbsp;</li>\n	<li>Galleries manager&nbsp; &nbsp; &nbsp; &nbsp; &nbsp; &nbsp; &nbsp; &nbsp; &nbsp; &nbsp; &nbsp; &nbsp;</li>\n	<li>Video manager</li>\n	<li>1 x&nbsp;User (1)</li>\n	<li>500 MB Storage (2)</li>\n	<li>50.000 Items (Articles, Opinions, Comments) (2)</li>\n	<li>50.000 page views/month (2)</li>\n	<li>Online Support (Tickets SLA 2&nbsp;business days)</li>\n</ul>\n\n<p><small>1. To add more users refer to <a href=\"http://help.opennemas.com/knowledgebase/articles/368173-precios-opennemas-licencias-de-usuario\" target=\"_blank\">User Licence Page</a>.</small></p>\n\n<p><small>2. For more information about storage or page views please go to our page <a href=\"http://help.opennemas.com/knowledgebase/articles/227476-precios-opennemas-page-views-y-espacio-ocupado\" target=\"_blank\">Page Views and Storage Space</a>.</small></p>\n\n<p><small>All prices above do not include VAT (21%).</small></p>\n\";s:2:\"es\";s:1621:\"<p>Este paquete&nbsp;est&aacute; pensado para todos los profesionales que est&aacute;n empezando su peri&oacute;dico independiente y necesitan gestionar la publicidad para crecer y conectar con los lectores.</p>\n\n<p>Este paquete ofrece m&aacute;s del 40% de descuento (los m&oacute;dulos por separado tienen un valor de 85 &euro;/mes).</p>\n\n<p>Incluye</p>\n\n<ul>\n	<li>Gestor de portadas</li>\n	<li>Gestor de widgetsr</li>\n	<li>Gestor de art&iacute;culos opini&oacute;n</li>\n	<li>Gestor de comentarios</li>\n	<li>Subida de imagenes y archivos</li>\n	<li>Utilidades: Papelera, b&uacute;squeda avanzada...</li>\n	<li>Gestor de publicidad</li>\n	<li>Gestor de encuestas</li>\n	<li>Gestor de galer&iacute;as</li>\n	<li>Gestor de v&iacute;deo</li>\n	<li>1 x usuarios (1)</li>\n	<li>500 MB de almacenamiento (2)</li>\n	<li>50.000 elementos (art&iacute;culos, opiniones, comentarios) (2)</li>\n	<li>50.000 p&aacute;ginas vistas/mes</li>\n	<li>Asistencia online (Tickets SLA 2 d&iacute;as laborales)</li>\n</ul>\n\n<p><small>1. Para a&ntilde;adir m&aacute;s usuarios consulta nuestra p&aacute;gina de <a href=\"http://help.opennemas.com/knowledgebase/articles/368173-precios-opennemas-licencias-de-usuario\" target=\"_blank\">Licencias de Usuarios</a>.</small></p>\n\n<p><small>2. Para m&aacute;s informaci&oacute;n sobre p&aacute;ginas vistas o almacenamiento consulta nuestra p&aacute;gina <a href=\"http://help.opennemas.com/knowledgebase/articles/227476-precios-opennemas-page-views-y-espacio-ocupado\" target=\"_blank\">P&aacute;ginas Vistas y Espacio Ocupado</a>.</small></p>\n\n<p><small>Todos los precios de arriba no incluyen IVA (21%).</small></p>\n\";s:2:\"gl\";s:1649:\"<p>Este paquete est&aacute; pensado para profesionais que comezan co seu peri&oacute;dico independente e precisan xestionar publicidade para medrar e publicar enquisas para atraer &aacute; s&uacute;a audiencia.</p>\n\n<p>Este paquete ofr&eacute;ceche m&aacute;is dun 40% de desconto (os m&oacute;dulos separados te&ntilde;en un valor de&nbsp;85 &euro;/mes).</p>\n\n<p>Incl&uacute;e:</p>\n\n<ul>\n	<li>Xestor de portadas</li>\n	<li>Xestor de widgets</li>\n	<li>Xestor de artigos de opini&oacute;n</li>\n	<li>Xestor de comentarios</li>\n	<li>Subir imaxes e ficheiros</li>\n	<li>Utilidades: Lixo, busca avanzada...</li>\n	<li>Xestor de publicidade</li>\n	<li>Xestor de enquisas</li>\n	<li>Xestor de galer&iacute;as</li>\n	<li>Xestor de v&iacute;deos</li>\n	<li>1 x usuario (1)</li>\n	<li>500 MB&nbsp;de almacenamento (2)</li>\n	<li>50.000 elementos (artigos, opini&oacute;ns, comentarios) (2)</li>\n	<li>50.000 p&aacute;xinas vistas/mes</li>\n	<li>Asistencia en li&ntilde;a (tiques SLA 2&nbsp;d&iacute;as laborais)</li>\n</ul>\n\n<p><small>1. Para engadir m&aacute;is usuarios visita a nosa p&aacute;xina de <a href=\"http://help.opennemas.com/knowledgebase/articles/368173-precios-opennemas-licencias-de-usuario\" target=\"_blank\">licenzas de usuario</a>.</small></p>\n\n<p><small>2. Para obter m&aacute;is informaci&oacute;n sobre o almacenamento ou p&aacute;xinas vistas visita a nosa p&aacute;xina <a href=\"http://help.opennemas.com/knowledgebase/articles/227476-precios-opennemas-page-views-y-espacio-ocupado\" target=\"_blank\">P&aacute;xinas vistas e almacenamento</a>.</small></p>\n\n<p><small>Todos os prezos mostrados non te&ntilde;en o IVE inclu&iacute;do (21%).</small></p>\n\";}','a:1:{i:0;s:28:\"/media/core/modules/55_1.jpg\";}','2016-01-14 20:20:40','2017-06-26 14:47:24',1,'http://www.openhost.es'),(56,'ADVANCED_PACK','a:3:{s:2:\"en\";s:13:\"Advanced pack\";s:2:\"es\";s:13:\"Pack Avanzado\";s:2:\"gl\";s:13:\"Pack Avanzado\";}','module','Openhost, S.L.','a:3:{s:2:\"en\";s:123:\"<p>Personalize your frontpages and start sending newsletters to your readers and let them know what they have missed!.</p>\n\";s:2:\"es\";s:122:\"<p>Personaliza las portadas y empieza a enviar boletines a tus lectores, &iexcl;para que sepan lo que se han perdido!</p>\n\";s:2:\"gl\";s:149:\"<p>Personaliza as t&uacute;as portadas e comeza a enviar bolet&iacute;ns de novas aos teus lectores, &iexcl;e que saiban&nbsp;o que se perderon!</p>\n\";}','a:3:{s:2:\"en\";s:1494:\"<p>A step further into the engagement path we add in this pack the possibility of sending newsletters and customize frontpage anytime you want.</p>\n\n<p>This offer gives you more than 30% discount on modules (if purchased separately modules have a value of 145EUR/month).</p>\n\n<p>Includes:</p>\n\n<ul>\n	<li>Frontpage manager</li>\n	<li>Widget manager</li>\n	<li>Opinion articles manager</li>\n	<li>Comments manager</li>\n	<li>Images and files uploading</li>\n	<li>Utilities: Trash, Search Advanced...</li>\n	<li>Advertisement manager</li>\n	<li>Polls manager</li>\n	<li>Galleries manager</li>\n	<li>Video manager</li>\n	<li>Frontpage customization</li>\n	<li>Newsletter manager (<a href=\"http://opennemas.com/pricing?language=en_US#newsletter\" target=\"_blank\">0</a>)</li>\n	<li>1 x User (1)</li>\n	<li>500MB&nbsp;Storage (2)</li>\n	<li>50.000 Items (Articles, Opinions, Comments) (2)</li>\n	<li>50.000 page views/month (2)</li>\n	<li>Online Support (Tickets SLA 2 business days)</li>\n</ul>\n\n<p><small>1. To add more users refer to <a href=\"http://help.opennemas.com/knowledgebase/articles/368173-precios-opennemas-licencias-de-usuario\" target=\"_blank\">User Licence Page</a>.</small></p>\n\n<p><small>2. For more information about storage or page views please go to our page <a href=\"http://help.opennemas.com/knowledgebase/articles/227476-precios-opennemas-page-views-y-espacio-ocupado\" target=\"_blank\">Page Views and Storage Space</a>.</small></p>\n\n<p><small>All prices above do not include VAT (21%).</small></p>\n\";s:2:\"es\";s:1812:\"<p>Un paso m&aacute;s en la trayectoria de compromiso con los lectores a&ntilde;adimos en este paquete la posibilidad de env&iacute;o de boletines informativos y de personalizar las portadas en cualquier momento que desees.</p>\n\n<p>Este&nbsp;paquete ofrece&nbsp;m&aacute;s del 30% de descuento (los m&oacute;dulos por separado tienen un valor de 145 &euro;/mes).</p>\n\n<p>Incluye</p>\n\n<ul>\n	<li>Gestor de portadas</li>\n	<li>Gestor de widgetsr</li>\n	<li>Gestor de art&iacute;culos opini&oacute;n</li>\n	<li>Gestor de comentarios</li>\n	<li>Subida de imagenes y archivos</li>\n	<li>Utilidades: Papelera, b&uacute;squeda avanzada...</li>\n	<li>Gestor de publicidad</li>\n	<li>Gestor de encuestas</li>\n	<li>Gestor de galer&iacute;as</li>\n	<li>Gestor de v&iacute;deo</li>\n	<li>Personalizaci&oacute;n de portadas</li>\n	<li>Gestor de boletines (<a href=\"http://opennemas.com/pricing?language=en_US#newsletter\" target=\"_blank\">0</a>)</li>\n	<li>1 x usuarios (1)</li>\n	<li>500 MB de almacenamiento (2)</li>\n	<li>50.000 elementos (art&iacute;culos, opiniones, comentarios) (2)</li>\n	<li>50.000 p&aacute;ginas vistas/mes</li>\n	<li>Asistencia online (Tickets SLA 2 d&iacute;as laborales)</li>\n</ul>\n\n<p><small>1. Para a&ntilde;adir m&aacute;s usuarios consulta nuestra p&aacute;gina de <a href=\"http://help.opennemas.com/knowledgebase/articles/368173-precios-opennemas-licencias-de-usuario\" target=\"_blank\">Licencias de Usuarios</a>.</small></p>\n\n<p><small>2. Para m&aacute;s informaci&oacute;n sobre p&aacute;ginas vistas o almacenamiento consulta nuestra p&aacute;gina <a href=\"http://help.opennemas.com/knowledgebase/articles/227476-precios-opennemas-page-views-y-espacio-ocupado\" target=\"_blank\">P&aacute;ginas Vistas y Espacio Ocupado</a>.</small></p>\n\n<p><small>Todos los precios de arriba no incluyen IVA (21%).</small></p>\n\";s:2:\"gl\";s:1780:\"<p>Un paso m&aacute;is no cami&ntilde;o de atraer usuarios. Engadimos neste pack a posibilidade de enviar bolet&iacute;ns de novas e personalizar portadas cando queira.</p>\n\n<p>Este&nbsp;paquete ofrece m&aacute;is dun 30% de desconto (os m&oacute;dulos por&nbsp;separado te&ntilde;en un valor de&nbsp;145 &euro;/mes).</p>\n\n<p>Incl&uacute;e:</p>\n\n<ul>\n	<li>Xestor de portadas</li>\n	<li>Xestor de widgets</li>\n	<li>Xestor de artigos de opini&oacute;n</li>\n	<li>Xestor de comentarios</li>\n	<li>Subir imaxes e ficheiros</li>\n	<li>Utilidades: Lixo, busca avanzada...</li>\n	<li>Xestor de publicidade</li>\n	<li>Xestor de enquisas</li>\n	<li>Xestor de galer&iacute;as</li>\n	<li>Xestor de v&iacute;deos</li>\n	<li>Personalizaci&oacute;n de portada</li>\n	<li>Xestor de bolet&iacute;ns de novas (<a href=\"http://opennemas.com/pricing?language=en_US#newsletter\" target=\"_blank\">0</a>)</li>\n	<li>1 x usuario (1)</li>\n	<li>500 MB de almacenamento (2)</li>\n	<li>50.000 elementos (artigos, opini&oacute;ns, comentarios) (2)</li>\n	<li>50.000 p&aacute;xinas vistas/mes</li>\n	<li>Asistencia en li&ntilde;a (tiques SLA %d d&iacute;as laborais)</li>\n</ul>\n\n<p><small>1. Para engadir m&aacute;is usuarios visita a nosa p&aacute;xina de <a href=\"http://help.opennemas.com/knowledgebase/articles/368173-precios-opennemas-licencias-de-usuario\" target=\"_blank\">licenzas de usuario</a>.</small></p>\n\n<p><small>2. Para obter m&aacute;is informaci&oacute;n sobre o almacenamento ou p&aacute;xinas vistas visita a nosa p&aacute;xina <a href=\"http://help.opennemas.com/knowledgebase/articles/227476-precios-opennemas-page-views-y-espacio-ocupado\" target=\"_blank\">P&aacute;xinas vistas e almacenamento</a>.</small></p>\n\n<p><small>Todos os prezos mostrados non te&ntilde;en o IVE inclu&iacute;do (21%).</small></p>\n\";}','a:1:{i:0;s:28:\"/media/core/modules/56_1.jpg\";}','2016-01-14 19:22:25','2016-01-18 11:33:02',1,'http://www.openhost.es'),(57,'EXPERT_PACK','a:3:{s:2:\"en\";s:11:\"Expert pack\";s:2:\"es\";s:12:\"Pack Experto\";s:2:\"gl\";s:12:\"Pack Experto\";}','module','Openhost, S.L.','a:3:{s:2:\"en\";s:129:\"<p>Add news from your favourites agencies, manage multiple personalized frontpages and let your readers become contributors!</p>\n\";s:2:\"es\";s:154:\"<p>A&ntilde;ade las noticias de tus agencias favoritas, gestiona m&uacute;ltiples portadas personalizadas y &iexcl;deja que tus lectores contribuyan!</p>\n\";s:2:\"gl\";s:195:\"<p>Engade novas desde as t&uacute;as axencias favoritas, xestiona varias portadas personalizadas e &iexcl;perm&iacute;telle &aacute; t&uacute;a contribuir &aacute; t&uacute;a&nbsp;audiencia!</p>\n\";}','a:3:{s:2:\"en\";s:1581:\"<p>Add news from your favourites agencies, manage multiple personalized frontpages and let your readers to become contributors to your newspaper!</p>\n\n<p>This offer gives you more than 25% discount on modules (if purchased separately modules have a value of 260EUR/month).</p>\n\n<p>Includes:</p>\n\n<ul>\n	<li>Frontpage manager</li>\n	<li>Widget manager</li>\n	<li>Opinion articles manager</li>\n	<li>Comments manager</li>\n	<li>Images and files uploading</li>\n	<li>Utilities: Trash, Search Advanced...</li>\n	<li>Advertisement manager</li>\n	<li>Polls manager</li>\n	<li>Galleries manager</li>\n	<li>Video manager</li>\n	<li>Frontpage customization</li>\n	<li>Newsletter manager (<a href=\"http://opennemas.com/pricing?language=en_US#newsletter\" target=\"_blank\">0</a>)</li>\n	<li>Multiple Frontpage Management</li>\n	<li>News Agency</li>\n	<li>Opennemas Connect</li>\n	<li>1 x User (1)</li>\n	<li>500MB Storage (2)</li>\n	<li>50.000 Items (Articles, Opinions, Comments) (2)</li>\n	<li>50.000 page views/month (2)</li>\n	<li>Online Support (Tickets SLA 2 business days)</li>\n</ul>\n\n<p><small>1. To add more users refer to <a href=\"http://help.opennemas.com/knowledgebase/articles/368173-precios-opennemas-licencias-de-usuario\" target=\"_blank\">User Licence Page</a>.</small></p>\n\n<p><small>2. For more information about storage or page views please go to our page <a href=\"http://help.opennemas.com/knowledgebase/articles/227476-precios-opennemas-page-views-y-espacio-ocupado\" target=\"_blank\">Page Views and Storage Space</a>.</small></p>\n\n<p><small>All prices above do not include VAT (21%).</small></p>\n\";s:2:\"es\";s:1876:\"<p>A&ntilde;ade las noticias de tus agencias favoritas, gestiona m&uacute;ltiples portadas personalizadas y deja que tus lectores contribuyan &iexcl;publicando en el peri&oacute;dico!</p>\n\n<p>Este paquete ofrece&nbsp;m&aacute;s del 25% de descuento (comprados por separado&nbsp;los m&oacute;dulos tienen un valor de 260&nbsp;&euro;/mes).</p>\n\n<p>Incluye:</p>\n\n<ul>\n	<li>Gestor de portadas</li>\n	<li>Gestor de widgetsr</li>\n	<li>Gestor de art&iacute;culos opini&oacute;n</li>\n	<li>Gestor de comentarios</li>\n	<li>Subida de imagenes y archivos</li>\n	<li>Utilidades: Papelera, b&uacute;squeda avanzada...</li>\n	<li>Gestor de publicidad</li>\n	<li>Gestor de encuestas</li>\n	<li>Gestor de galer&iacute;as</li>\n	<li>Gestor de v&iacute;deo</li>\n	<li>Personalizaci&oacute;n de portadas</li>\n	<li>Gestor de boletines (<a href=\"http://opennemas.com/pricing?language=en_US#newsletter\" target=\"_blank\">0</a>)</li>\n	<li>Gesti&oacute;n de Multiple Portadas</li>\n	<li>Agencias de Noticias</li>\n	<li>Opennemas Conecta</li>\n	<li>%d x usuarios (1)</li>\n	<li>%s de almacenamiento (2)</li>\n	<li>%s elementos (art&iacute;culos, opiniones, comentarios) (2)</li>\n	<li>%s p&aacute;ginas vistas/mes</li>\n	<li>Asistencia online (Tickets SLA %d d&iacute;as laborales)</li>\n</ul>\n\n<p><small>1. Para a&ntilde;adir m&aacute;s usuarios consulta nuestra p&aacute;gina de <a href=\"http://help.opennemas.com/knowledgebase/articles/368173-precios-opennemas-licencias-de-usuario\" target=\"_blank\">Licencias de Usuarios</a>.</small></p>\n\n<p><small>2. Para m&aacute;s informaci&oacute;n sobre p&aacute;ginas vistas o almacenamiento consulta nuestra p&aacute;gina <a href=\"http://help.opennemas.com/knowledgebase/articles/227476-precios-opennemas-page-views-y-espacio-ocupado\" target=\"_blank\">Paginas Vistas y Espacio Ocupado</a>.</small></p>\n\n<p><small>Todos los precios de arriba no incluyen IVA (21%).</small></p>\n\";s:2:\"gl\";s:1900:\"<p>Engade novas desde as t&uacute;as axencias favoritas, xestiona varias portadas personalizadas e perm&iacute;telle &aacute; t&uacute;a audiencia convertirse &iexcl;nos teus contribuidores!</p>\n\n<p>Este&nbsp;paquete ofrece un 25% de desconto (os&nbsp;m&oacute;dulos por separado te&ntilde;en un valor de&nbsp;260 &euro;/mes).</p>\n\n<p>Incl&uacute;e:</p>\n\n<ul>\n	<li>Xestor de portadas</li>\n	<li>Xestor de widgets</li>\n	<li>Xestor de artigos de opini&oacute;n</li>\n	<li>Xestor de comentarios</li>\n	<li>Subir imaxes e ficheiros</li>\n	<li>Utilidades: Lixo, busca avanzada...</li>\n	<li>Xestor de publicidade</li>\n	<li>Xestor de enquisas</li>\n	<li>Xestor de galer&iacute;as</li>\n	<li>Xestor de v&iacute;deos</li>\n	<li>Personalizaci&oacute;n de portada</li>\n	<li>Xestor de bolet&iacute;ns de novas (<a href=\"http://opennemas.com/pricing?language=en_US#newsletter\" target=\"_blank\">0</a>)</li>\n	<li>Xestor de portadas m&uacute;ltiples</li>\n	<li>Axencias de novas</li>\n	<li>Opennemas Connect</li>\n	<li>1 x usuario (1)</li>\n	<li>500 MB&nbsp;de almacenamento (2)</li>\n	<li>50.000 elementos (artigos, opini&oacute;ns, comentarios) (2)</li>\n	<li>50.000&nbsp;p&aacute;xinas vistas/mes</li>\n	<li>Asistencia en li&ntilde;a (tiques SLA 2 d&iacute;as laborais)</li>\n</ul>\n\n<p><small>1. Para engadir m&aacute;is usuarios visita a nosa p&aacute;xina de <a href=\"http://help.opennemas.com/knowledgebase/articles/368173-precios-opennemas-licencias-de-usuario\" target=\"_blank\">licenzas de usuario</a>.</small></p>\n\n<p><small>2. Para obter m&aacute;is informaci&oacute;n sobre o almacenamento ou p&aacute;xinas vistas visita a nosa p&aacute;xina <a href=\"http://help.opennemas.com/knowledgebase/articles/227476-precios-opennemas-page-views-y-espacio-ocupado\" target=\"_blank\">P&aacute;xinas vistas e almacenamento</a>.</small></p>\n\n<p><small>Todos os prezos mostrados non te&ntilde;en o IVE inclu&iacute;do (21%).</small></p>\n\";}','a:1:{i:0;s:28:\"/media/core/modules/57_1.jpg\";}','2016-01-14 19:24:03','2016-01-18 11:44:05',1,'http://www.openhost.es'),(58,'MEDIA_MANAGER','a:3:{s:2:\"en\";s:5:\"Media\";s:2:\"es\";s:10:\"Multimedia\";s:2:\"gl\";s:10:\"Multimedia\";}','module','Openhost, S.L.','a:3:{s:2:\"en\";s:54:\"<p>Add Video and Image Galleries to your content.</p>\n\";s:2:\"es\";s:86:\"<p>A&ntilde;ade v&iacute;deo y galer&iacute;as de im&aacute;genes a tu contenido.</p>\n\";s:2:\"gl\";s:62:\"<p>Engade v&iacute;deos e galer&iacute;as ao teu contido.</p>\n\";}','a:3:{s:2:\"en\";s:227:\"<p>This module will allow you to create Photo Galleries, add video from YouTube, Vimeo, Dailymotion and from other 10 sources more.</p>\n\n<p>Our video manager is the same as youtube one, perfect consistency and performance.</p>\n\";s:2:\"es\";s:324:\"<p>Gracias a este m&oacute;dulo el usuario podr&aacute; crear galerias de fotos y&nbsp;enlazar videos de los sitios m&aacute;s importantes de internet (youtube, vimeo, dailymotion y de otras 10 fuentes m&aacute;s).</p>\n\n<p>Lo interesante del gestor de videos, es que la apariencia al usuario es igual que la de youtube.</p>\n\";s:2:\"gl\";s:295:\"<p>Este m&oacute;dulo perm&iacute;telle crear galer&iacute;as e&nbsp;engadir&nbsp;v&iacute;deos de Youtube, Vimeo, Dailymotion e 10 orixes m&aacute;is</p>\n\n<p>E o m&aacute;is interesante &eacute; que o xestor de v&iacute;deos &eacute; o mesmo que Youtube, consistencia e rendemento perfecto</p>\n\";}','a:1:{i:0;s:28:\"/media/core/modules/58_1.jpg\";}','2016-01-14 23:08:41','2016-01-18 11:51:46',1,'http://www.openhost.es'),(62,'AMP_MODULE','a:3:{s:2:\"en\";s:29:\"AMP (Accelerated Mobile Page)\";s:2:\"es\";s:33:\"AMP (Paginas Móviles Aceleradas)\";s:2:\"gl\";s:34:\"AMP (Páxinas Móbiles Aceleradas)\";}','theme-addon','OpenHost, S.L','a:3:{s:2:\"en\";s:116:\"<p>Get the latest technology for mobile news!&nbsp;AMP is the new&nbsp;architectural framework built for speed!</p>\n\";s:2:\"es\";s:186:\"<p>Consigue la&nbsp;&uacute;ltima tecnolog&iacute;a para acelerar la visualizaci&oacute;n de tus noticias! AMP es un sistema Google&nbsp;construido para la velocidad!</p>\n\n<p>&nbsp;</p>\n\";s:2:\"gl\";s:208:\"<p>Consigue a&nbsp;&uacute;ltima tecnolox&iacute;a para acelerar a&nbsp;visualizaci&oacute;n das t&uacute;as&nbsp;novas! AMP &eacute;&nbsp;un sistema Google&nbsp;constru&iacute;do para a&nbsp;velocidade!</p>\n\";}','a:3:{s:2:\"en\";s:398:\"<p>AMP (Accelerated Mobile Page) is great for browsing the web on mobile devices, because webpages built with AMP load an average of four times faster and use 10 times less data than equivalent non-AMP pages. In many cases, they&rsquo;ll load instantly. It&rsquo;s how reading on the mobile web should be&nbsp;fast, responsive and fun. Your news will also show first on mobile Google searches.</p>\n\";s:2:\"es\";s:475:\"<p>AMP (Paginas M&oacute;viles Aceleradas) es la manera mejor de navegar la web desde dispositivos m&oacute;viles, porque las paginas web que cuentan con la tecnolog&iacute;a AMP cargan 4 veces m&aacute;s r&aacute;pido y usan 10 veces menos datos de una pagina normal. La mayor&iacute;a de las veces cargar&aacute;n instant&aacute;neamente.&nbsp;Y adem&aacute;s teniendo tecnolog&iacute;a AMP tus noticias saldr&aacute;n primeras en las b&uacute;squedas de Google.&nbsp;</p>\n\";s:2:\"gl\";s:577:\"<p>AMP (P&aacute;xinas M&oacute;biles Aceleradas) &eacute; a&nbsp;mellor maneira de navegar o&nbsp;web desde dispositivos m&oacute;biles, porque as&nbsp;p&aacute;xinas&nbsp;web que contan&nbsp;coa&nbsp;tecnolox&iacute;a AMP cargan 4 veces m&aacute;is&nbsp;r&aacute;pido e&nbsp;usan 10 veces menos datos que unha&nbsp;p&aacute;xina&nbsp;normal. A&nbsp;maior&iacute;a de las veces cargar&aacute;n instant&aacute;neamente. E&nbsp;adem&aacute;s tendo&nbsp;a tecnolox&iacute;a AMP as t&uacute;as&nbsp;novas&nbsp;sair&aacute;n&nbsp;primeras nas&nbsp;buscas&nbsp;de Google.&nbsp;</p>\n\";}','a:1:{i:0;s:31:\"/media/core/extensions/62_1.jpg\";}','2016-03-17 16:32:05','2017-09-25 16:09:59',1,'http://www.openhost.es'),(63,'FIA_MODULE','a:3:{s:2:\"en\";s:25:\"Facebook Instant Articles\";s:2:\"es\";s:25:\"Facebook Instant Articles\";s:2:\"gl\";s:25:\"Facebook Instant Articles\";}','theme-addon','Openhost, S.L.','a:3:{s:2:\"en\";s:33:\"<p>Facebook Instant Articles</p>\n\";s:2:\"es\";s:33:\"<p>Facebook Instant Articles</p>\n\";s:2:\"gl\";s:33:\"<p>Facebook Instant Articles</p>\n\";}','a:3:{s:2:\"en\";s:33:\"<p>Facebook Instant Articles</p>\n\";s:2:\"es\";s:33:\"<p>Facebook Instant Articles</p>\n\";s:2:\"gl\";s:33:\"<p>Facebook Instant Articles</p>\n\";}','a:1:{i:0;s:26:\"/media/core/modules/_1.png\";}','2016-05-10 13:54:06','2017-09-25 16:10:10',1,'http://www.openhost.es'),(64,'es.openhost.domain.create','a:3:{s:2:\"en\";s:20:\"Domain + redirection\";s:2:\"es\";s:22:\"Dominio + redirección\";s:2:\"gl\";s:22:\"Dominio + redirección\";}','module','Openhos','a:3:{s:2:\"en\";s:24:\"<p>Add a new domain</p>\n\";s:2:\"es\";s:38:\"<p>A&ntilde;adir un nuevo dominio</p>\n\";s:2:\"gl\";s:33:\"<p>Engadir&nbsp;novo dominio</p>\n\";}','a:3:{s:2:\"en\";s:110:\"<p>I do not have my own domain and I want to create one and redirect it to my Opennemas digital newspaper</p>\n\";s:2:\"es\";s:107:\"<p>NO tengo mi propio dominio y quiero crear uno y redirigirlo a mi peri&oacute;dico digital Opennemas</p>\n\";s:2:\"gl\";s:104:\"<p>NON te&ntilde;o un dominio propio, quero crealo e redirixilo ao meu xornal dixital en Opennemas.</p>\n\";}',NULL,'2016-07-01 16:46:23','2016-07-01 17:14:58',0,'http'),(65,'es.openhost.domain.redirect','a:3:{s:2:\"en\";s:11:\"Redirection\";s:2:\"es\";s:12:\"Redirección\";s:2:\"gl\";s:12:\"Redirección\";}','module','Openhost, S.L.','a:3:{s:2:\"en\";s:25:\"<p>Redirect a domain</p>\n\";s:2:\"es\";s:27:\"<p>Redirige tu dominio</p>\n\";s:2:\"gl\";s:30:\"<p>Redirixe o teu dominio</p>\n\";}','a:3:{s:2:\"en\";s:94:\"<p>I have an existing domain and I want to redirect it to my Opennemas digital newspaper.</p>\n\";s:2:\"es\";s:99:\"<p>Ya tengo un dominio existente y quiero redirigirlo a mi peri&oacute;dico digital Opennemas.</p>\n\";s:2:\"gl\";s:95:\"<p>Te&ntilde;o un dominio existente e quero redirixilo ao meu xornal dixital en Opennemas.</p>\n\";}',NULL,'2016-07-01 17:12:35','2016-07-01 17:12:35',0,'http://www.openhost.es'),(66,'es.openhost.theme.customization','a:3:{s:2:\"en\";s:19:\"Theme customization\";s:2:\"es\";s:24:\"Personalización de tema\";s:2:\"gl\";s:24:\"Personalización de tema\";}','theme-addon','Openhost, S.L.','a:3:{s:2:\"en\";s:0:\"\";s:2:\"es\";s:0:\"\";s:2:\"gl\";s:0:\"\";}','a:3:{s:2:\"en\";s:0:\"\";s:2:\"es\";s:0:\"\";s:2:\"gl\";s:0:\"\";}',NULL,'2016-11-03 09:56:54','2017-10-30 10:20:48',0,'http://www.openhost.es'),(67,'es.openhost.module.advancedAdvertisement','a:3:{s:2:\"en\";s:29:\"Advanced advertisement module\";s:2:\"es\";s:0:\"\";s:2:\"gl\";s:0:\"\";}','module','OpenHost S.L.','a:3:{s:2:\"en\";s:0:\"\";s:2:\"es\";s:0:\"\";s:2:\"gl\";s:0:\"\";}','a:3:{s:2:\"en\";s:0:\"\";s:2:\"es\";s:0:\"\";s:2:\"gl\";s:0:\"\";}',NULL,'2017-07-13 08:20:18','2017-09-28 08:36:05',0,'http://www.openhost.es'),(68,'es.openhost.module.tagsIndex','a:3:{s:2:\"en\";s:13:\"Index of Tags\";s:2:\"es\";s:20:\"Índice de etiquetas\";s:2:\"gl\";s:20:\"Índice de etiquetas\";}','module','Openhost, S.L.','a:3:{s:2:\"en\";s:0:\"\";s:2:\"es\";s:0:\"\";s:2:\"gl\";s:0:\"\";}','a:3:{s:2:\"en\";s:0:\"\";s:2:\"es\";s:0:\"\";s:2:\"gl\";s:0:\"\";}',NULL,'2017-08-29 10:20:00','2017-08-29 10:20:00',0,'http://www.openhost.es'),(69,'es.openhost.module.frontendSsl','a:3:{s:2:\"en\";s:12:\"Frontend SSL\";s:2:\"es\";s:12:\"Frontend SSL\";s:2:\"gl\";s:12:\"Frontend SSL\";}','module','OpenHost S.L.','a:3:{s:2:\"en\";s:20:\"<p>Frontend SSL</p>\n\";s:2:\"es\";s:20:\"<p>Frontend SSL</p>\n\";s:2:\"gl\";s:20:\"<p>Frontend SSL</p>\n\";}','a:3:{s:2:\"en\";s:20:\"<p>Frontend SSL</p>\n\";s:2:\"es\";s:20:\"<p>Frontend SSL</p>\n\";s:2:\"gl\";s:20:\"<p>Frontend SSL</p>\n\";}',NULL,'2017-10-11 14:05:28','2017-12-05 16:59:12',1,'http://opennemas.com'),(70,'es.openhost.module.multilanguage','a:3:{s:2:\"en\";s:13:\"Multilanguage\";s:2:\"es\";s:13:\"Multilenguage\";s:2:\"gl\";s:13:\"Multilinguaxe\";}','module','Openhost, S.L.','a:3:{s:2:\"en\";s:0:\"\";s:2:\"es\";s:0:\"\";s:2:\"gl\";s:0:\"\";}','a:3:{s:2:\"en\";s:0:\"\";s:2:\"es\";s:0:\"\";s:2:\"gl\";s:0:\"\";}',NULL,'2017-11-13 14:06:35','2017-12-05 16:58:53',1,'http://www.openhost.es'),(71,'es.openhost.module.translation','a:3:{s:2:\"en\";s:22:\"Automatic Translations\";s:2:\"es\";s:23:\"Traducción automática\";s:2:\"gl\";s:22:\"Tradución automática\";}','module','Openhost, S.L.','a:3:{s:2:\"en\";s:0:\"\";s:2:\"es\";s:0:\"\";s:2:\"gl\";s:0:\"\";}','a:3:{s:2:\"en\";s:0:\"\";s:2:\"es\";s:0:\"\";s:2:\"gl\";s:0:\"\";}',NULL,'2017-11-13 14:07:12','2017-11-13 14:07:12',0,'http://www.openhost.es');
/*!40000 ALTER TABLE `extension` ENABLE KEYS */;
UNLOCK TABLES;

--
-- Table structure for table `extension_meta`
--

DROP TABLE IF EXISTS `extension_meta`;
/*!40101 SET @saved_cs_client     = @@character_set_client */;
/*!40101 SET character_set_client = utf8 */;
CREATE TABLE `extension_meta` (
  `extension_id` bigint(20) NOT NULL,
  `meta_key` varchar(255) COLLATE utf8_unicode_ci NOT NULL,
  `meta_value` text COLLATE utf8_unicode_ci,
  PRIMARY KEY (`extension_id`,`meta_key`),
  KEY `extension_id` (`extension_id`),
  KEY `meta_key` (`meta_key`),
  CONSTRAINT `extension_id` FOREIGN KEY (`extension_id`) REFERENCES `extension` (`id`) ON DELETE CASCADE ON UPDATE CASCADE
) ENGINE=InnoDB DEFAULT CHARSET=utf8 COLLATE=utf8_unicode_ci;
/*!40101 SET character_set_client = @saved_cs_client */;

--
-- Dumping data for table `extension_meta`
--

LOCK TABLES `extension_meta` WRITE;
/*!40000 ALTER TABLE `extension_meta` DISABLE KEYS */;
INSERT INTO `extension_meta` VALUES (1,'category','module'),(1,'price','a:1:{i:0;a:2:{s:5:\"value\";s:2:\"35\";s:4:\"type\";s:7:\"monthly\";}}'),(2,'category','module'),(2,'notes','a:3:{s:2:\"en\";s:0:\"\";s:2:\"es\";s:0:\"\";s:2:\"gl\";s:0:\"\";}'),(2,'price','a:1:{i:0;a:2:{s:5:\"value\";i:5;s:4:\"type\";s:7:\"monthly\";}}'),(2,'terms','a:3:{s:2:\"en\";s:0:\"\";s:2:\"es\";s:0:\"\";s:2:\"gl\";s:0:\"\";}'),(3,'category','module'),(3,'price','a:1:{i:0;a:2:{s:5:\"value\";s:2:\"30\";s:4:\"type\";s:7:\"monthly\";}}'),(4,'category','module'),(4,'price','a:1:{i:0;a:2:{s:5:\"value\";i:0;s:4:\"type\";s:7:\"monthly\";}}'),(5,'category','module'),(5,'notes','a:3:{s:2:\"en\";s:0:\"\";s:2:\"es\";s:0:\"\";s:2:\"gl\";s:0:\"\";}'),(5,'price','a:1:{i:0;a:2:{s:5:\"value\";i:20;s:4:\"type\";s:7:\"monthly\";}}'),(5,'terms','a:3:{s:2:\"en\";s:0:\"\";s:2:\"es\";s:0:\"\";s:2:\"gl\";s:0:\"\";}'),(6,'category','module'),(6,'price','a:1:{i:0;a:2:{s:5:\"value\";i:0;s:4:\"type\";s:7:\"monthly\";}}'),(7,'category','module'),(7,'price','a:1:{i:0;a:2:{s:5:\"value\";s:2:\"20\";s:4:\"type\";s:7:\"monthly\";}}'),(8,'category','module'),(8,'price','a:1:{i:0;a:2:{s:5:\"value\";i:40;s:4:\"type\";s:7:\"monthly\";}}'),(9,'category','module'),(9,'price','a:1:{i:0;a:2:{s:5:\"value\";i:0;s:4:\"type\";s:7:\"monthly\";}}'),(10,'category','module'),(10,'price','a:1:{i:0;a:2:{s:5:\"value\";i:0;s:4:\"type\";s:7:\"monthly\";}}'),(11,'category','module'),(11,'price','a:1:{i:0;a:2:{s:5:\"value\";i:0;s:4:\"type\";s:7:\"monthly\";}}'),(12,'category','module'),(12,'price','a:1:{i:0;a:2:{s:5:\"value\";s:2:\"65\";s:4:\"type\";s:7:\"monthly\";}}'),(13,'category','module'),(13,'price','a:1:{i:0;a:2:{s:5:\"value\";i:0;s:4:\"type\";s:7:\"monthly\";}}'),(14,'category','module'),(14,'price','a:1:{i:0;a:2:{s:5:\"value\";i:0;s:4:\"type\";s:7:\"monthly\";}}'),(15,'category','module'),(15,'price','a:1:{i:0;a:2:{s:5:\"value\";s:2:\"25\";s:4:\"type\";s:7:\"monthly\";}}'),(16,'category','module'),(16,'notes','a:3:{s:2:\"en\";s:0:\"\";s:2:\"es\";s:0:\"\";s:2:\"gl\";s:0:\"\";}'),(16,'price','a:1:{i:0;a:2:{s:5:\"value\";s:2:\"45\";s:4:\"type\";s:7:\"monthly\";}}'),(16,'terms','a:3:{s:2:\"en\";s:0:\"\";s:2:\"es\";s:0:\"\";s:2:\"gl\";s:0:\"\";}'),(17,'category','module'),(17,'notes','a:3:{s:2:\"en\";s:0:\"\";s:2:\"es\";s:0:\"\";s:2:\"gl\";s:0:\"\";}'),(17,'price','a:1:{i:0;a:2:{s:5:\"value\";i:0;s:4:\"type\";s:7:\"monthly\";}}'),(17,'terms','a:3:{s:2:\"en\";s:0:\"\";s:2:\"es\";s:0:\"\";s:2:\"gl\";s:0:\"\";}'),(18,'category','module'),(18,'price','a:1:{i:0;a:2:{s:5:\"value\";i:0;s:4:\"type\";s:7:\"monthly\";}}'),(19,'category','module'),(19,'price','a:1:{i:0;a:2:{s:5:\"value\";i:0;s:4:\"type\";s:7:\"monthly\";}}'),(20,'category','module'),(20,'price','a:1:{i:0;a:2:{s:5:\"value\";i:40;s:4:\"type\";s:7:\"monthly\";}}'),(21,'category','module'),(21,'price','a:1:{i:0;a:2:{s:5:\"value\";s:2:\"25\";s:4:\"type\";s:7:\"monthly\";}}'),(22,'category','module'),(22,'price','a:1:{i:0;a:2:{s:5:\"value\";i:0;s:4:\"type\";s:7:\"monthly\";}}'),(23,'category','module'),(23,'price','a:1:{i:0;a:2:{s:5:\"value\";i:0;s:4:\"type\";s:7:\"monthly\";}}'),(24,'category','module'),(24,'price','a:2:{i:0;a:2:{s:5:\"value\";s:2:\"30\";s:4:\"type\";s:7:\"monthly\";}i:1;a:2:{s:5:\"value\";s:5:\"0.002\";s:4:\"type\";s:4:\"item\";}}'),(25,'category','module'),(25,'price','a:1:{i:0;a:2:{s:5:\"value\";s:2:\"40\";s:4:\"type\";s:7:\"monthly\";}}'),(26,'category','module'),(26,'price','a:1:{i:0;a:2:{s:5:\"value\";s:2:\"55\";s:4:\"type\";s:7:\"monthly\";}}'),(27,'category','module'),(27,'price','a:1:{i:0;a:2:{s:5:\"value\";i:0;s:4:\"type\";s:7:\"monthly\";}}'),(28,'category','module'),(28,'price','a:1:{i:0;a:2:{s:5:\"value\";s:2:\"15\";s:4:\"type\";s:7:\"monthly\";}}'),(29,'category','module'),(29,'price','a:1:{i:0;a:2:{s:5:\"value\";i:0;s:4:\"type\";s:7:\"monthly\";}}'),(30,'category','module'),(30,'price','a:1:{i:0;a:2:{s:5:\"value\";i:0;s:4:\"type\";s:7:\"monthly\";}}'),(31,'category','module'),(31,'price','a:1:{i:0;a:2:{s:5:\"value\";i:0;s:4:\"type\";s:7:\"monthly\";}}'),(32,'category','module'),(32,'price','a:1:{i:0;a:2:{s:5:\"value\";i:0;s:4:\"type\";s:7:\"monthly\";}}'),(33,'category','module'),(33,'price','a:1:{i:0;a:2:{s:5:\"value\";i:0;s:4:\"type\";s:7:\"monthly\";}}'),(34,'category','module'),(34,'price','a:1:{i:0;a:2:{s:5:\"value\";i:0;s:4:\"type\";s:7:\"monthly\";}}'),(35,'category','module'),(35,'price','a:1:{i:0;a:2:{s:5:\"value\";s:2:\"65\";s:4:\"type\";s:7:\"monthly\";}}'),(36,'category','module'),(36,'price','a:1:{i:0;a:2:{s:5:\"value\";i:0;s:4:\"type\";s:7:\"monthly\";}}'),(37,'category','module'),(37,'price','a:1:{i:0;a:2:{s:5:\"value\";i:0;s:4:\"type\";s:7:\"monthly\";}}'),(38,'category','module'),(38,'price','a:1:{i:0;a:2:{s:5:\"value\";i:0;s:4:\"type\";s:7:\"monthly\";}}'),(39,'category','module'),(39,'price','a:1:{i:0;a:2:{s:5:\"value\";i:0;s:4:\"type\";s:7:\"monthly\";}}'),(40,'category','module'),(40,'price','a:1:{i:0;a:2:{s:5:\"value\";i:0;s:4:\"type\";s:7:\"monthly\";}}'),(41,'category','module'),(41,'price','a:1:{i:0;a:2:{s:5:\"value\";i:0;s:4:\"type\";s:7:\"monthly\";}}'),(42,'category','module'),(42,'price','a:1:{i:0;a:2:{s:5:\"value\";s:2:\"75\";s:4:\"type\";s:7:\"monthly\";}}'),(43,'category','module'),(43,'price','a:1:{i:0;a:2:{s:5:\"value\";s:2:\"95\";s:4:\"type\";s:7:\"monthly\";}}'),(45,'category','service'),(45,'notes','a:3:{s:2:\"en\";s:0:\"\";s:2:\"es\";s:0:\"\";s:2:\"gl\";s:0:\"\";}'),(45,'price','a:1:{i:0;a:2:{s:5:\"value\";i:40;s:4:\"type\";s:4:\"item\";}}'),(45,'terms','a:3:{s:2:\"en\";s:0:\"\";s:2:\"es\";s:0:\"\";s:2:\"gl\";s:0:\"\";}'),(46,'category','service'),(46,'notes','a:3:{s:2:\"en\";s:0:\"\";s:2:\"es\";s:0:\"\";s:2:\"gl\";s:0:\"\";}'),(46,'price','a:1:{i:0;a:2:{s:5:\"value\";s:3:\"100\";s:4:\"type\";s:7:\"monthly\";}}'),(46,'terms','a:3:{s:2:\"en\";s:0:\"\";s:2:\"es\";s:0:\"\";s:2:\"gl\";s:0:\"\";}'),(48,'category','service'),(48,'notes','a:3:{s:2:\"en\";s:0:\"\";s:2:\"es\";s:0:\"\";s:2:\"gl\";s:0:\"\";}'),(48,'price','a:1:{i:0;a:2:{s:5:\"value\";s:3:\"300\";s:4:\"type\";s:7:\"monthly\";}}'),(48,'terms','a:3:{s:2:\"en\";s:0:\"\";s:2:\"es\";s:0:\"\";s:2:\"gl\";s:0:\"\";}'),(49,'category','service'),(49,'notes','a:3:{s:2:\"en\";s:0:\"\";s:2:\"es\";s:0:\"\";s:2:\"gl\";s:0:\"\";}'),(49,'price','a:1:{i:0;a:2:{s:5:\"value\";i:500;s:4:\"type\";s:7:\"monthly\";}}'),(49,'terms','a:3:{s:2:\"en\";s:0:\"\";s:2:\"es\";s:0:\"\";s:2:\"gl\";s:0:\"\";}'),(50,'category','service'),(50,'notes','a:3:{s:2:\"en\";s:0:\"\";s:2:\"es\";s:0:\"\";s:2:\"gl\";s:0:\"\";}'),(50,'price','a:1:{i:0;a:2:{s:5:\"value\";i:800;s:4:\"type\";s:7:\"monthly\";}}'),(50,'terms','a:3:{s:2:\"en\";s:0:\"\";s:2:\"es\";s:0:\"\";s:2:\"gl\";s:0:\"\";}'),(54,'category','pack'),(54,'modules_included','a:17:{i:0;s:15:\"ADVANCED_SEARCH\";i:1;s:15:\"ARTICLE_MANAGER\";i:2;s:16:\"CATEGORY_MANAGER\";i:3;s:15:\"COMMENT_MANAGER\";i:4;s:12:\"FILE_MANAGER\";i:5;s:17:\"FRONTPAGE_MANAGER\";i:6;s:13:\"IMAGE_MANAGER\";i:7;s:15:\"KEYWORD_MANAGER\";i:8;s:12:\"MENU_MANAGER\";i:9;s:15:\"OPINION_MANAGER\";i:10;s:16:\"SETTINGS_MANAGER\";i:11;s:20:\"STATIC_PAGES_MANAGER\";i:12;s:13:\"TRASH_MANAGER\";i:13;s:17:\"USERVOICE_SUPPORT\";i:14;s:14:\"WIDGET_MANAGER\";i:15;s:12:\"USER_MANAGER\";i:16;s:18:\"USER_GROUP_MANAGER\";}'),(54,'notes','a:3:{s:2:\"en\";s:0:\"\";s:2:\"es\";s:0:\"\";s:2:\"gl\";s:0:\"\";}'),(54,'price','a:1:{i:0;a:2:{s:5:\"value\";i:0;s:4:\"type\";s:7:\"monthly\";}}'),(54,'terms','a:3:{s:2:\"en\";s:0:\"\";s:2:\"es\";s:0:\"\";s:2:\"gl\";s:0:\"\";}'),(55,'category','pack'),(55,'modules_included','a:21:{i:0;s:15:\"ADVANCED_SEARCH\";i:1;s:15:\"ARTICLE_MANAGER\";i:2;s:16:\"CATEGORY_MANAGER\";i:3;s:15:\"COMMENT_MANAGER\";i:4;s:12:\"FILE_MANAGER\";i:5;s:17:\"FRONTPAGE_MANAGER\";i:6;s:13:\"IMAGE_MANAGER\";i:7;s:15:\"KEYWORD_MANAGER\";i:8;s:12:\"MENU_MANAGER\";i:9;s:15:\"OPINION_MANAGER\";i:10;s:16:\"SETTINGS_MANAGER\";i:11;s:20:\"STATIC_PAGES_MANAGER\";i:12;s:13:\"TRASH_MANAGER\";i:13;s:17:\"USERVOICE_SUPPORT\";i:14;s:14:\"WIDGET_MANAGER\";i:15;s:11:\"ADS_MANAGER\";i:16;s:13:\"ALBUM_MANAGER\";i:17;s:12:\"POLL_MANAGER\";i:18;s:13:\"VIDEO_MANAGER\";i:19;s:18:\"USER_GROUP_MANAGER\";i:20;s:12:\"USER_MANAGER\";}'),(55,'notes','a:3:{s:2:\"en\";s:0:\"\";s:2:\"es\";s:0:\"\";s:2:\"gl\";s:0:\"\";}'),(55,'price','a:1:{i:0;a:2:{s:5:\"value\";s:2:\"50\";s:4:\"type\";s:7:\"monthly\";}}'),(55,'terms','a:3:{s:2:\"en\";s:0:\"\";s:2:\"es\";s:0:\"\";s:2:\"gl\";s:0:\"\";}'),(56,'category','pack'),(56,'modules_included','a:24:{i:0;s:15:\"ADVANCED_SEARCH\";i:1;s:15:\"ARTICLE_MANAGER\";i:2;s:16:\"CATEGORY_MANAGER\";i:3;s:15:\"COMMENT_MANAGER\";i:4;s:12:\"FILE_MANAGER\";i:5;s:17:\"FRONTPAGE_MANAGER\";i:6;s:13:\"IMAGE_MANAGER\";i:7;s:15:\"KEYWORD_MANAGER\";i:8;s:12:\"MENU_MANAGER\";i:9;s:15:\"OPINION_MANAGER\";i:10;s:16:\"SETTINGS_MANAGER\";i:11;s:20:\"STATIC_PAGES_MANAGER\";i:12;s:13:\"TRASH_MANAGER\";i:13;s:17:\"USERVOICE_SUPPORT\";i:14;s:14:\"WIDGET_MANAGER\";i:15;s:11:\"ADS_MANAGER\";i:16;s:13:\"ALBUM_MANAGER\";i:17;s:12:\"POLL_MANAGER\";i:18;s:13:\"VIDEO_MANAGER\";i:19;s:17:\"FRONTPAGES_LAYOUT\";i:20;s:18:\"NEWSLETTER_MANAGER\";i:21;s:12:\"SYNC_MANAGER\";i:22;s:18:\"USER_GROUP_MANAGER\";i:23;s:12:\"USER_MANAGER\";}'),(56,'price','a:1:{i:0;a:2:{s:5:\"value\";s:3:\"100\";s:4:\"type\";s:7:\"monthly\";}}'),(57,'category','pack'),(57,'modules_included','a:26:{i:0;s:15:\"ADVANCED_SEARCH\";i:1;s:15:\"ARTICLE_MANAGER\";i:2;s:16:\"CATEGORY_MANAGER\";i:3;s:15:\"COMMENT_MANAGER\";i:4;s:12:\"FILE_MANAGER\";i:5;s:17:\"FRONTPAGE_MANAGER\";i:6;s:13:\"IMAGE_MANAGER\";i:7;s:15:\"KEYWORD_MANAGER\";i:8;s:12:\"MENU_MANAGER\";i:9;s:15:\"OPINION_MANAGER\";i:10;s:16:\"SETTINGS_MANAGER\";i:11;s:20:\"STATIC_PAGES_MANAGER\";i:12;s:13:\"TRASH_MANAGER\";i:13;s:17:\"USERVOICE_SUPPORT\";i:14;s:14:\"WIDGET_MANAGER\";i:15;s:11:\"ADS_MANAGER\";i:16;s:13:\"ALBUM_MANAGER\";i:17;s:12:\"POLL_MANAGER\";i:18;s:13:\"VIDEO_MANAGER\";i:19;s:17:\"FRONTPAGES_LAYOUT\";i:20;s:18:\"NEWSLETTER_MANAGER\";i:21;s:12:\"SYNC_MANAGER\";i:22;s:18:\"USER_GROUP_MANAGER\";i:23;s:12:\"USER_MANAGER\";i:24;s:14:\"KIOSKO_MANAGER\";i:25;s:20:\"NEWS_AGENCY_IMPORTER\";}'),(57,'price','a:1:{i:0;a:2:{s:5:\"value\";s:3:\"200\";s:4:\"type\";s:7:\"monthly\";}}'),(58,'category','module'),(58,'modules_included','a:2:{i:0;s:13:\"ALBUM_MANAGER\";i:1;s:13:\"VIDEO_MANAGER\";}'),(58,'price','a:1:{i:0;a:2:{s:5:\"value\";s:2:\"35\";s:4:\"type\";s:7:\"monthly\";}}'),(62,'category','module'),(62,'notes','a:3:{s:2:\"en\";s:0:\"\";s:2:\"es\";s:0:\"\";s:2:\"gl\";s:0:\"\";}'),(62,'price','a:1:{i:0;a:2:{s:5:\"value\";i:50;s:4:\"type\";s:7:\"monthly\";}}'),(62,'terms','a:3:{s:2:\"en\";s:0:\"\";s:2:\"es\";s:0:\"\";s:2:\"gl\";s:0:\"\";}'),(63,'category','module'),(63,'notes','a:3:{s:2:\"en\";s:0:\"\";s:2:\"es\";s:0:\"\";s:2:\"gl\";s:0:\"\";}'),(63,'price','a:1:{i:0;a:2:{s:5:\"value\";i:50;s:4:\"type\";s:7:\"monthly\";}}'),(63,'terms','a:3:{s:2:\"en\";s:0:\"\";s:2:\"es\";s:0:\"\";s:2:\"gl\";s:0:\"\";}'),(64,'category','module'),(64,'price','a:1:{i:0;a:2:{s:5:\"value\";i:18;s:4:\"type\";s:6:\"yearly\";}}'),(65,'category','module'),(65,'price','a:1:{i:0;a:2:{s:5:\"value\";i:12;s:4:\"type\";s:6:\"yearly\";}}'),(66,'category','module'),(66,'notes','a:3:{s:2:\"en\";s:0:\"\";s:2:\"es\";s:0:\"\";s:2:\"gl\";s:0:\"\";}'),(66,'price','a:2:{i:0;a:2:{s:5:\"value\";i:100;s:4:\"type\";s:7:\"monthly\";}i:1;a:2:{s:5:\"value\";i:1100;s:4:\"type\";s:6:\"yearly\";}}'),(66,'terms','a:3:{s:2:\"en\";s:0:\"\";s:2:\"es\";s:0:\"\";s:2:\"gl\";s:0:\"\";}'),(67,'category','module'),(67,'notes','a:3:{s:2:\"en\";s:0:\"\";s:2:\"es\";s:0:\"\";s:2:\"gl\";s:0:\"\";}'),(67,'price','a:1:{i:0;a:2:{s:5:\"value\";i:0;s:4:\"type\";s:7:\"monthly\";}}'),(67,'terms','a:3:{s:2:\"en\";s:0:\"\";s:2:\"es\";s:0:\"\";s:2:\"gl\";s:0:\"\";}'),(68,'category','module'),(68,'notes','a:3:{s:2:\"en\";s:0:\"\";s:2:\"es\";s:0:\"\";s:2:\"gl\";s:0:\"\";}'),(68,'price','a:1:{i:0;a:2:{s:5:\"value\";i:0;s:4:\"type\";s:7:\"monthly\";}}'),(68,'terms','a:3:{s:2:\"en\";s:0:\"\";s:2:\"es\";s:0:\"\";s:2:\"gl\";s:0:\"\";}'),(69,'category','module'),(69,'notes','a:3:{s:2:\"en\";s:0:\"\";s:2:\"es\";s:0:\"\";s:2:\"gl\";s:0:\"\";}'),(69,'price','a:1:{i:0;a:2:{s:5:\"value\";i:40;s:4:\"type\";s:7:\"monthly\";}}'),(69,'terms','a:3:{s:2:\"en\";s:0:\"\";s:2:\"es\";s:0:\"\";s:2:\"gl\";s:0:\"\";}'),(70,'category','module'),(70,'notes','a:3:{s:2:\"en\";s:0:\"\";s:2:\"es\";s:0:\"\";s:2:\"gl\";s:0:\"\";}'),(70,'price','a:1:{i:0;a:2:{s:5:\"value\";i:50;s:4:\"type\";s:7:\"monthly\";}}'),(70,'terms','a:3:{s:2:\"en\";s:0:\"\";s:2:\"es\";s:0:\"\";s:2:\"gl\";s:0:\"\";}'),(71,'category','module'),(71,'notes','a:3:{s:2:\"en\";s:0:\"\";s:2:\"es\";s:0:\"\";s:2:\"gl\";s:0:\"\";}'),(71,'price','a:1:{i:0;a:2:{s:5:\"value\";i:0;s:4:\"type\";s:7:\"monthly\";}}'),(71,'terms','a:3:{s:2:\"en\";s:0:\"\";s:2:\"es\";s:0:\"\";s:2:\"gl\";s:0:\"\";}');
/*!40000 ALTER TABLE `extension_meta` ENABLE KEYS */;
UNLOCK TABLES;

--
-- Table structure for table `instance_meta`
--

DROP TABLE IF EXISTS `instance_meta`;
/*!40101 SET @saved_cs_client     = @@character_set_client */;
/*!40101 SET character_set_client = utf8 */;
CREATE TABLE `instance_meta` (
  `instance_id` bigint(20) unsigned NOT NULL AUTO_INCREMENT,
  `meta_key` varchar(255) COLLATE utf8_unicode_ci NOT NULL,
  `meta_value` text COLLATE utf8_unicode_ci,
  PRIMARY KEY (`instance_id`,`meta_key`),
  KEY `instance_id` (`instance_id`),
  KEY `meta_key` (`meta_key`),
  CONSTRAINT `instancemeta_id_instances_id` FOREIGN KEY (`instance_id`) REFERENCES `instances` (`id`) ON DELETE CASCADE ON UPDATE CASCADE
) ENGINE=InnoDB AUTO_INCREMENT=2 DEFAULT CHARSET=utf8 COLLATE=utf8_unicode_ci;
/*!40101 SET character_set_client = @saved_cs_client */;

--
-- Dumping data for table `instance_meta`
--

LOCK TABLES `instance_meta` WRITE;
/*!40000 ALTER TABLE `instance_meta` DISABLE KEYS */;
INSERT INTO `instance_meta` VALUES (1,'purchased','a:1:{i:0;s:23:\"es.openhost.theme.basic\";}');
/*!40000 ALTER TABLE `instance_meta` ENABLE KEYS */;
UNLOCK TABLES;

--
-- Table structure for table `instances`
--

DROP TABLE IF EXISTS `instances`;
/*!40101 SET @saved_cs_client     = @@character_set_client */;
/*!40101 SET character_set_client = utf8 */;
CREATE TABLE `instances` (
  `id` bigint(20) unsigned NOT NULL AUTO_INCREMENT,
  `internal_name` varchar(100) NOT NULL,
  `name` varchar(255) NOT NULL,
  `domains` varchar(500) NOT NULL,
  `main_domain` varchar(255) NOT NULL,
  `settings` text,
  `activated` tinyint(1) NOT NULL,
  `contact_mail` varchar(255) NOT NULL,
  `domain_expire` datetime DEFAULT NULL,
  `created` datetime NOT NULL,
  `last_login` datetime DEFAULT NULL,
  `contents` int(10) unsigned NOT NULL DEFAULT '0',
  `attachments` int(10) unsigned NOT NULL DEFAULT '0',
  `articles` int(10) unsigned NOT NULL DEFAULT '0',
  `opinions` int(10) unsigned NOT NULL DEFAULT '0',
  `advertisements` int(10) unsigned NOT NULL DEFAULT '0',
  `albums` int(10) unsigned NOT NULL DEFAULT '0',
  `letters` int(10) unsigned NOT NULL DEFAULT '0',
  `polls` int(10) unsigned NOT NULL DEFAULT '0',
  `photos` int(10) unsigned NOT NULL DEFAULT '0',
  `videos` int(10) unsigned NOT NULL DEFAULT '0',
  `widgets` int(10) unsigned NOT NULL DEFAULT '0',
  `static_pages` int(10) unsigned NOT NULL DEFAULT '0',
  `media_size` double NOT NULL DEFAULT '0',
  `alexa` int(10) unsigned NOT NULL,
  `page_views` bigint(20) unsigned NOT NULL DEFAULT '0',
  `emails` int(10) unsigned NOT NULL DEFAULT '0',
  `users` int(10) unsigned NOT NULL DEFAULT '0',
  `activated_modules` text,
  `country` varchar(2) NOT NULL,
  `owner_id` bigint(20) unsigned DEFAULT NULL,
  PRIMARY KEY (`id`),
  KEY `owner_id` (`owner_id`),
  FULLTEXT KEY `domain_name` (`domains`),
  CONSTRAINT `instances_ownerid_users_id` FOREIGN KEY (`owner_id`) REFERENCES `users` (`id`) ON DELETE SET NULL ON UPDATE CASCADE
) ENGINE=InnoDB AUTO_INCREMENT=3 DEFAULT CHARSET=utf8;
/*!40101 SET character_set_client = @saved_cs_client */;

--
-- Dumping data for table `instances`
--

LOCK TABLES `instances` WRITE;
/*!40000 ALTER TABLE `instances` DISABLE KEYS */;
INSERT INTO `instances` VALUES (1,'opennemas','Opennemas Default instance','opennemas.opennemas.localhost,opennemas.opennemas.dev','','a:7:{s:13:\"TEMPLATE_USER\";s:23:\"es.openhost.theme.basic\";s:9:\"MEDIA_URL\";s:7:\"/media/\";s:7:\"BD_TYPE\";s:6:\"mysqli\";s:7:\"BD_HOST\";s:9:\"localhost\";s:11:\"BD_DATABASE\";s:9:\"c-default\";s:7:\"BD_USER\";s:4:\"root\";s:7:\"BD_PASS\";s:4:\"root\";}',1,'devs@opennemas.com',NULL,'2016-09-04 16:00:00',NULL,0,0,0,0,0,0,0,0,0,0,0,0,0,0,0,0,0,'a:18:{i:0;s:12:\"SUPPORT_NONE\";i:1;s:15:\"ADVANCED_SEARCH\";i:2;s:15:\"ARTICLE_MANAGER\";i:3;s:16:\"CATEGORY_MANAGER\";i:4;s:15:\"COMMENT_MANAGER\";i:5;s:12:\"FILE_MANAGER\";i:6;s:17:\"FRONTPAGE_MANAGER\";i:7;s:13:\"IMAGE_MANAGER\";i:8;s:15:\"KEYWORD_MANAGER\";i:9;s:12:\"MENU_MANAGER\";i:10;s:15:\"OPINION_MANAGER\";i:11;s:16:\"SETTINGS_MANAGER\";i:12;s:20:\"STATIC_PAGES_MANAGER\";i:13;s:13:\"TRASH_MANAGER\";i:14;s:17:\"USERVOICE_SUPPORT\";i:15;s:14:\"WIDGET_MANAGER\";i:16;s:11:\"ADS_MANAGER\";i:17;s:32:\"es.openhost.module.multilanguage\";}','ES',NULL),(2,'exallple','exallple','exallple.opennemas.dev,localhost','0','a:2:{s:13:\"TEMPLATE_USER\";s:23:\"es.openhost.theme.basic\";s:11:\"BD_DATABASE\";i:2;}',1,'johndoe@example.com',NULL,'2017-12-14 17:09:45',NULL,0,0,0,0,0,0,0,0,0,0,0,0,0,1000000,0,0,0,'a:17:{i:0;s:15:\"ADVANCED_SEARCH\";i:1;s:15:\"ARTICLE_MANAGER\";i:2;s:16:\"CATEGORY_MANAGER\";i:3;s:15:\"COMMENT_MANAGER\";i:4;s:12:\"FILE_MANAGER\";i:5;s:17:\"FRONTPAGE_MANAGER\";i:6;s:13:\"IMAGE_MANAGER\";i:7;s:15:\"KEYWORD_MANAGER\";i:8;s:12:\"MENU_MANAGER\";i:9;s:15:\"OPINION_MANAGER\";i:10;s:16:\"SETTINGS_MANAGER\";i:11;s:20:\"STATIC_PAGES_MANAGER\";i:12;s:13:\"TRASH_MANAGER\";i:13;s:17:\"USERVOICE_SUPPORT\";i:14;s:14:\"WIDGET_MANAGER\";i:15;s:12:\"USER_MANAGER\";i:16;s:18:\"USER_GROUP_MANAGER\";}','ES',NULL);
/*!40000 ALTER TABLE `instances` ENABLE KEYS */;
UNLOCK TABLES;

--
-- Table structure for table `notification`
--

DROP TABLE IF EXISTS `notification`;
/*!40101 SET @saved_cs_client     = @@character_set_client */;
/*!40101 SET character_set_client = utf8 */;
CREATE TABLE `notification` (
  `id` int(10) unsigned NOT NULL AUTO_INCREMENT,
  `title` text COLLATE utf8_unicode_ci,
  `body` text COLLATE utf8_unicode_ci,
  `target` text COLLATE utf8_unicode_ci,
  `users` text COLLATE utf8_unicode_ci,
  `start` datetime DEFAULT NULL,
  `end` datetime DEFAULT NULL,
  `creator` varchar(255) COLLATE utf8_unicode_ci DEFAULT '',
  `style` text COLLATE utf8_unicode_ci,
  `fixed` tinyint(1) NOT NULL DEFAULT '0',
  `forced` tinyint(1) NOT NULL DEFAULT '0',
  `enabled` tinyint(1) NOT NULL DEFAULT '0',
  PRIMARY KEY (`id`)
) ENGINE=InnoDB AUTO_INCREMENT=2 DEFAULT CHARSET=utf8 COLLATE=utf8_unicode_ci;
/*!40101 SET character_set_client = @saved_cs_client */;

--
-- Dumping data for table `notification`
--

LOCK TABLES `notification` WRITE;
/*!40000 ALTER TABLE `notification` DISABLE KEYS */;
INSERT INTO `notification` VALUES (1,'a:3:{s:2:\"en\";s:12:\"<p>asdf</p>\n\";s:2:\"es\";s:0:\"\";s:2:\"gl\";s:0:\"\";}','a:3:{s:2:\"en\";s:12:\"<p>asdf</p>\n\";s:2:\"es\";s:0:\"\";s:2:\"gl\";s:0:\"\";}','a:1:{i:0;s:8:\"exallple\";}','0','2017-12-12 01:00:00',NULL,NULL,'a:3:{s:4:\"icon\";s:7:\"comment\";s:16:\"background_color\";s:7:\"#0090d9\";s:10:\"font_color\";s:7:\"#e5e9ec\";}',1,1,1);
/*!40000 ALTER TABLE `notification` ENABLE KEYS */;
UNLOCK TABLES;

--
-- Table structure for table `purchase`
--

DROP TABLE IF EXISTS `purchase`;
/*!40101 SET @saved_cs_client     = @@character_set_client */;
/*!40101 SET character_set_client = utf8 */;
CREATE TABLE `purchase` (
  `id` bigint(20) NOT NULL AUTO_INCREMENT,
  `client` text COLLATE utf8_unicode_ci,
  `details` text COLLATE utf8_unicode_ci,
  `method` varchar(15) COLLATE utf8_unicode_ci DEFAULT NULL,
  `fee` double NOT NULL DEFAULT '0',
  `total` double NOT NULL DEFAULT '0',
  `step` varchar(10) COLLATE utf8_unicode_ci NOT NULL DEFAULT '',
  `instance_id` bigint(20) NOT NULL,
  `client_id` varchar(60) COLLATE utf8_unicode_ci DEFAULT NULL,
  `payment_id` varchar(60) COLLATE utf8_unicode_ci DEFAULT NULL,
  `invoice_id` varchar(60) COLLATE utf8_unicode_ci DEFAULT NULL,
  `created` datetime NOT NULL,
  `updated` datetime DEFAULT NULL,
  `notes` text COLLATE utf8_unicode_ci,
  `terms` text COLLATE utf8_unicode_ci,
  PRIMARY KEY (`id`),
  KEY `client_id` (`client_id`)
) ENGINE=InnoDB DEFAULT CHARSET=utf8 COLLATE=utf8_unicode_ci;
/*!40101 SET character_set_client = @saved_cs_client */;

--
-- Dumping data for table `purchase`
--

LOCK TABLES `purchase` WRITE;
/*!40000 ALTER TABLE `purchase` DISABLE KEYS */;
/*!40000 ALTER TABLE `purchase` ENABLE KEYS */;
UNLOCK TABLES;

--
-- Table structure for table `settings`
--

DROP TABLE IF EXISTS `settings`;
/*!40101 SET @saved_cs_client     = @@character_set_client */;
/*!40101 SET character_set_client = utf8 */;
CREATE TABLE `settings` (
  `name` varchar(128) NOT NULL DEFAULT '',
  `value` text NOT NULL,
  PRIMARY KEY (`name`)
) ENGINE=InnoDB DEFAULT CHARSET=utf8;
/*!40101 SET character_set_client = @saved_cs_client */;

--
-- Dumping data for table `settings`
--

LOCK TABLES `settings` WRITE;
/*!40000 ALTER TABLE `settings` DISABLE KEYS */;
INSERT INTO `settings` VALUES ('locale','a:2:{s:7:\"backend\";a:2:{s:8:\"language\";a:1:{s:8:\"selected\";s:5:\"es_ES\";}s:8:\"timezone\";s:3:\"421\";}s:8:\"frontend\";a:2:{s:8:\"language\";a:1:{s:8:\"selected\";s:5:\"es_ES\";}s:8:\"timezone\";s:3:\"UTC\";}}');
/*!40000 ALTER TABLE `settings` ENABLE KEYS */;
UNLOCK TABLES;

--
-- Table structure for table `user_groups`
--

DROP TABLE IF EXISTS `user_groups`;
/*!40101 SET @saved_cs_client     = @@character_set_client */;
/*!40101 SET character_set_client = utf8 */;
CREATE TABLE `user_groups` (
  `pk_user_group` int(10) unsigned NOT NULL AUTO_INCREMENT,
  `name` varchar(50) DEFAULT NULL,
  PRIMARY KEY (`pk_user_group`)
) ENGINE=InnoDB AUTO_INCREMENT=5 DEFAULT CHARSET=utf8;
/*!40101 SET character_set_client = @saved_cs_client */;

--
-- Dumping data for table `user_groups`
--

LOCK TABLES `user_groups` WRITE;
/*!40000 ALTER TABLE `user_groups` DISABLE KEYS */;
INSERT INTO `user_groups` VALUES (4,'Masters');
/*!40000 ALTER TABLE `user_groups` ENABLE KEYS */;
UNLOCK TABLES;

--
-- Table structure for table `user_groups_privileges`
--

DROP TABLE IF EXISTS `user_groups_privileges`;
/*!40101 SET @saved_cs_client     = @@character_set_client */;
/*!40101 SET character_set_client = utf8 */;
CREATE TABLE `user_groups_privileges` (
  `pk_fk_user_group` int(10) unsigned NOT NULL,
  `pk_fk_privilege` int(10) unsigned NOT NULL,
  PRIMARY KEY (`pk_fk_user_group`,`pk_fk_privilege`),
  KEY `pk_fk_user_group` (`pk_fk_user_group`),
  CONSTRAINT `usergroupsprivilesges_usergroupid_usergroups_id` FOREIGN KEY (`pk_fk_user_group`) REFERENCES `user_groups` (`pk_user_group`) ON DELETE CASCADE ON UPDATE CASCADE
) ENGINE=InnoDB DEFAULT CHARSET=utf8;
/*!40101 SET character_set_client = @saved_cs_client */;

--
-- Dumping data for table `user_groups_privileges`
--

LOCK TABLES `user_groups_privileges` WRITE;
/*!40000 ALTER TABLE `user_groups_privileges` DISABLE KEYS */;
INSERT INTO `user_groups_privileges` VALUES (4,190);
/*!40000 ALTER TABLE `user_groups_privileges` ENABLE KEYS */;
UNLOCK TABLES;

--
-- Table structure for table `user_notification`
--

DROP TABLE IF EXISTS `user_notification`;
/*!40101 SET @saved_cs_client     = @@character_set_client */;
/*!40101 SET character_set_client = utf8 */;
CREATE TABLE `user_notification` (
  `notification_id` int(10) unsigned NOT NULL,
  `instance_id` int(10) unsigned NOT NULL,
  `user_id` int(10) unsigned NOT NULL,
  `user` text COLLATE utf8_unicode_ci NOT NULL,
  `read_date` datetime DEFAULT NULL,
  `view_date` datetime DEFAULT NULL,
  `click_date` datetime DEFAULT NULL,
  `open_date` datetime DEFAULT NULL,
  PRIMARY KEY (`notification_id`,`instance_id`,`user_id`),
  KEY `notification_id` (`notification_id`),
  CONSTRAINT `usernotification_id_notification_id` FOREIGN KEY (`notification_id`) REFERENCES `notification` (`id`) ON DELETE CASCADE ON UPDATE CASCADE
) ENGINE=InnoDB DEFAULT CHARSET=utf8 COLLATE=utf8_unicode_ci;
/*!40101 SET character_set_client = @saved_cs_client */;

--
-- Dumping data for table `user_notification`
--

LOCK TABLES `user_notification` WRITE;
/*!40000 ALTER TABLE `user_notification` DISABLE KEYS */;
INSERT INTO `user_notification` VALUES (1,1,5,'a:2:{s:8:\"username\";s:5:\"admin\";s:5:\"email\";s:21:\"support@opennemas.com\";}',NULL,'2017-12-18 19:26:13',NULL,'2017-12-15 15:18:01'),(1,2,5,'a:2:{s:8:\"username\";s:5:\"admin\";s:5:\"email\";s:21:\"support@opennemas.com\";}',NULL,'2017-12-15 18:27:48',NULL,NULL);
/*!40000 ALTER TABLE `user_notification` ENABLE KEYS */;
UNLOCK TABLES;

--
-- Table structure for table `usermeta`
--

DROP TABLE IF EXISTS `usermeta`;
/*!40101 SET @saved_cs_client     = @@character_set_client */;
/*!40101 SET character_set_client = utf8 */;
CREATE TABLE `usermeta` (
  `user_id` bigint(20) unsigned NOT NULL,
  `meta_key` varchar(255) NOT NULL DEFAULT '',
  `meta_value` text,
  PRIMARY KEY (`user_id`,`meta_key`),
  KEY `user_id` (`user_id`),
  KEY `meta_key` (`meta_key`),
  CONSTRAINT `usermeta_userid_users_id` FOREIGN KEY (`user_id`) REFERENCES `users` (`id`) ON DELETE CASCADE ON UPDATE CASCADE
) ENGINE=InnoDB DEFAULT CHARSET=utf8;
/*!40101 SET character_set_client = @saved_cs_client */;

--
-- Dumping data for table `usermeta`
--

LOCK TABLES `usermeta` WRITE;
/*!40000 ALTER TABLE `usermeta` DISABLE KEYS */;
INSERT INTO `usermeta` VALUES (5,'user_language','en_US');
/*!40000 ALTER TABLE `usermeta` ENABLE KEYS */;
UNLOCK TABLES;

--
-- Table structure for table `users`
--

DROP TABLE IF EXISTS `users`;
/*!40101 SET @saved_cs_client     = @@character_set_client */;
/*!40101 SET character_set_client = utf8 */;
CREATE TABLE `users` (
  `id` bigint(20) unsigned NOT NULL AUTO_INCREMENT,
  `username` varchar(100) DEFAULT NULL,
  `password` varchar(50) DEFAULT NULL,
  `url` varchar(255) DEFAULT '',
  `bio` text,
  `avatar_img_id` bigint(20) unsigned DEFAULT NULL,
  `email` varchar(255) DEFAULT NULL,
  `name` varchar(100) DEFAULT NULL,
  `type` tinyint(4) NOT NULL DEFAULT '0' COMMENT '0-backend, 1-frontend',
  `token` varchar(50) DEFAULT NULL,
  `activated` tinyint(1) NOT NULL DEFAULT '1' COMMENT '1 activated - 0 deactivated',
  `fk_user_group` varchar(100) DEFAULT NULL,
  `sessionexpire` tinyint(1) NOT NULL DEFAULT '15',
  `deposit` decimal(10,0) NOT NULL DEFAULT '0',
  PRIMARY KEY (`id`)
) ENGINE=InnoDB AUTO_INCREMENT=6 DEFAULT CHARSET=utf8;
/*!40101 SET character_set_client = @saved_cs_client */;

--
-- Dumping data for table `users`
--

LOCK TABLES `users` WRITE;
/*!40000 ALTER TABLE `users` DISABLE KEYS */;
INSERT INTO `users` VALUES (5,'admin','b7592fd66feb65282791ab64685e4af4','',NULL,NULL,'support@opennemas.com','Administrator',0,NULL,1,'4',15,0);
/*!40000 ALTER TABLE `users` ENABLE KEYS */;
UNLOCK TABLES;
/*!40103 SET TIME_ZONE=@OLD_TIME_ZONE */;

/*!40101 SET SQL_MODE=@OLD_SQL_MODE */;
/*!40014 SET FOREIGN_KEY_CHECKS=@OLD_FOREIGN_KEY_CHECKS */;
/*!40014 SET UNIQUE_CHECKS=@OLD_UNIQUE_CHECKS */;
/*!40101 SET CHARACTER_SET_CLIENT=@OLD_CHARACTER_SET_CLIENT */;
/*!40101 SET CHARACTER_SET_RESULTS=@OLD_CHARACTER_SET_RESULTS */;
/*!40101 SET COLLATION_CONNECTION=@OLD_COLLATION_CONNECTION */;
/*!40111 SET SQL_NOTES=@OLD_SQL_NOTES */;

-- Dump completed on 2017-12-19 10:31:51
